id,name,quality,role_id,role_name,xianding,xdprice,限定,赛季,xdprice1m,丑皮
11410,作曲家旧装,紫皮,114,作曲家,其他,0,#N/A,#N/A,,
3422,佐仓双叶,紫皮,34,机械师,其他,0,#N/A,#N/A,,
13906,醉酒的骑士,蓝皮,139,火灾调查员,其他,0,#N/A,#N/A,,
1431,罪木蜜柑,紫皮,14,医生,其他,0,#N/A,#N/A,,
13302,罪恶熔火,金皮,133,“愚人金”,限定,766,限定,第30赛季,755,
11315,最原终一,紫皮,113,小说家,其他,0,#N/A,#N/A,,
8511,最后一舞,紫皮,85,红夫人,其他,0,#N/A,#N/A,,
10420,最后的写生,蓝皮,104,画家,其他,0,#N/A,#N/A,,
7822,最后的荣光,紫皮,78,先知,其他,0,#N/A,#N/A,,
8319,祖祖,紫皮,83,咒术师,其他,0,#N/A,#N/A,,
3207,祖母绿,绿皮,32,空军,其他,0,#N/A,#N/A,,
6022,诅咒之泪,蓝皮,60,蜘蛛,其他,0,#N/A,#N/A,,
7419,总裁判长,金皮,74,摄影师,限定,1200,限定,第14赛季,900,
10406,棕染,绿皮,104,画家,其他,0,#N/A,#N/A,,
305,棕,绿皮,3,幸运儿,其他,0,#N/A,#N/A,,
12408,自信红,绿皮,124,记者,其他,0,#N/A,#N/A,,
8610,紫乌头,绿皮,86,孽蜥,其他,0,#N/A,#N/A,,
1606,紫石英,绿皮,16,“慈善家”,其他,0,#N/A,#N/A,,
6306,紫衫,绿皮,63,红蝶,其他,0,#N/A,#N/A,,
3605,紫曲,绿皮,36,舞女,其他,0,#N/A,#N/A,,
206,紫茄,绿皮,2,小丑,其他,0,#N/A,#N/A,,
1725,紫罗兰,绿皮,17,园丁,其他,0,#N/A,#N/A,,
3009,紫领,绿皮,1,厂长,其他,0,#N/A,#N/A,,
6311,紫孔雀,紫皮,63,红蝶,其他,0,#N/A,#N/A,,
1915,紫荆,绿皮,19,鹿头,其他,0,#N/A,#N/A,,
8304,紫蝴蝶,绿皮,83,咒术师,其他,0,#N/A,#N/A,,
6613,紫阁,绿皮,66,宿伞之魂,其他,0,#N/A,#N/A,,
6713,紫阁,绿皮,67,宿伞之魂,其他,0,#N/A,#N/A,,
9306,紫钢,绿皮,93,26号守卫,其他,0,#N/A,#N/A,,
10913,资深助理,蓝皮,109,渔女,其他,0,#N/A,#N/A,,
8006,斫草,蓝皮,80,疯眼,其他,0,#N/A,#N/A,,
8510,灼音歌者,蓝皮,85,红夫人,其他,0,#N/A,#N/A,,
13406,坠落的男孩,蓝皮,134,木偶师,其他,0,#N/A,#N/A,,
11105,追忆蓝,绿皮,111,“小女孩”,其他,0,#N/A,#N/A,,
11008,追忆灰,绿皮,110,“心理学家”,其他,0,#N/A,#N/A,,
12712,庄重蓝,绿皮,127,隐士,其他,0,#N/A,#N/A,,
8019,庄园管理员,蓝皮,80,疯眼,其他,0,#N/A,#N/A,,
3428,专注白,绿皮,34,机械师,其他,0,#N/A,#N/A,,
1627,铸钱,蓝皮,16,“慈善家”,其他,0,#N/A,#N/A,,
8323,祝祷,紫皮,83,咒术师,其他,0,#N/A,#N/A,,
9116,助燃剂,紫皮,91,调酒师,其他,0,#N/A,#N/A,,
12213,助理学者,蓝皮,122,教授,其他,0,#N/A,#N/A,,
9127,逐浪的玫瑰,紫皮,91,调酒师,其他,0,#N/A,#N/A,,
1442,竹荫守护者,紫皮,14,医生,其他,0,#N/A,#N/A,,
12110,竹叶青,绿皮,121,古董商,其他,0,#N/A,#N/A,,
6337,竹华,金皮,63,红蝶,其他,0,#N/A,#N/A,,
11015,朱丽叶,紫皮,110,“心理学家”,其他,0,#N/A,#N/A,,
8712,朱褐石,绿皮,87,勘探员,其他,0,#N/A,#N/A,,
1718,种药人,蓝皮,17,园丁,其他,0,#N/A,#N/A,,
8714,钟乳岩,绿皮,87,勘探员,其他,0,#N/A,#N/A,,
7319,忠实的仆人,蓝皮,73,牛仔,其他,0,#N/A,#N/A,,
3632,忠诚的帕拉蒂纳,蓝皮,36,舞女,其他,0,#N/A,#N/A,,
8726,中原中也,金皮,87,勘探员,限定,800,限定,联动,800,
2534,中岛敦,金皮,25,佣兵,限定,588,限定,联动,520,
8010,智虫,蓝皮,80,疯眼,其他,0,#N/A,#N/A,,
11606,秩序红,绿皮,116,“记录员”,其他,0,#N/A,#N/A,,
7211,致命温柔,紫皮,72,调香师,其他,0,#N/A,#N/A,,
10609,治安官,蓝皮,106,击球手,其他,0,#N/A,#N/A,,
10606,炙烤,绿皮,106,击球手,其他,0,#N/A,#N/A,,
11210,制裁者,蓝皮,112,蜡像师,其他,0,#N/A,#N/A,,
10724,咫尺微光,紫皮,107,玩具商,其他,0,#N/A,#N/A,,
3438,咫尺天涯,紫皮,34,机械师,其他,0,#N/A,#N/A,,
12803,指引者,蓝皮,128,歌剧演员,其他,0,#N/A,#N/A,,
12903,指引者,蓝皮,129,歌剧演员,其他,0,#N/A,#N/A,,
3448,指导手册,蓝皮,34,机械师,其他,0,#N/A,#N/A,,
7321,纸愿,蓝皮,73,牛仔,其他,0,#N/A,#N/A,,
10715,纸翼小姐,紫皮,107,玩具商,其他,0,#N/A,#N/A,,
3445,纸心,紫皮,34,机械师,其他,0,#N/A,#N/A,,
9303,纸牌卫兵,蓝皮,93,26号守卫,其他,0,#N/A,#N/A,,
8116,纸皇后,紫皮,81,梦之女巫,其他,0,#N/A,#N/A,,
8216,纸皇后,紫皮,82,梦之女巫,其他,0,#N/A,#N/A,,
13604,植梦人,蓝皮,136,时空之影,其他,0,#N/A,#N/A,,
2522,直拳,蓝皮,25,佣兵,其他,0,#N/A,#N/A,,
11608,执政官,紫皮,116,“记录员”,其他,0,#N/A,#N/A,,
7923,执行人,蓝皮,79,入殓师,其他,0,#N/A,#N/A,,
231,支配者,蓝皮,2,小丑,其他,0,#N/A,#N/A,,
9125,正午的案情,蓝皮,91,调酒师,其他,0,#N/A,#N/A,,
3232,正位审判,紫皮,32,空军,其他,0,#N/A,#N/A,,
2516,蒸汽少年,紫皮,25,佣兵,其他,0,#N/A,#N/A,,
1907,蒸汽朋克,紫皮,19,鹿头,其他,0,#N/A,#N/A,,
8617,狰,紫皮,86,孽蜥,其他,0,#N/A,#N/A,,
10502,征服,金皮,105,“博士”,其他,0,#N/A,#N/A,,
2328,镇定剂,蓝皮,23,冒险家,其他,0,#N/A,#N/A,,
7826,鸩,紫皮,78,先知,其他,0,#N/A,#N/A,,
11013,甄选者,蓝皮,110,“心理学家”,其他,0,#N/A,#N/A,,
1720,真相小姐,紫皮,17,园丁,限定真理,750,限定真理,真理,660,
2540,珍奇柜,金皮,25,佣兵,限定,597.83,限定,第32赛季,531,
8004,赭石,绿皮,80,疯眼,其他,0,#N/A,#N/A,,
12611,哲人石,金皮,126,守夜人,限定,610,限定,第33赛季,520,
7914,召唤铃,蓝皮,79,入殓师,其他,0,#N/A,#N/A,,
12108,招风旗,金皮,121,古董商,限定,0,春节限定,春节,0,丑
9314,招财,蓝皮,93,26号守卫,其他,0,#N/A,#N/A,,
9511,掌权人,蓝皮,95,“使徒”,其他,0,#N/A,#N/A,,
11010,长夜,金皮,110,“心理学家”,其他,0,#N/A,#N/A,,
6014,长腿小姐,紫皮,60,蜘蛛,其他,0,#N/A,#N/A,,
10413,长生,紫皮,104,画家,其他,0,#N/A,#N/A,,
9514,长明灯,蓝皮,95,“使徒”,其他,0,#N/A,#N/A,,
7206,长颈鹿之雅,蓝皮,72,调香师,其他,0,#N/A,#N/A,,
2533,战争后遗症,蓝皮,25,佣兵,其他,0,#N/A,#N/A,,
10416,展览设计师,蓝皮,104,画家,其他,0,#N/A,#N/A,,
6026,再造者,紫皮,60,蜘蛛,其他,0,#N/A,#N/A,,
6422,灾厄之主,金皮,64,黄衣之主,限定,0,深渊限定,深渊,0,丑
13106,运动蓝,绿皮,131,拉拉队员,其他,0,#N/A,#N/A,,
8531,悦乐酷洛米,紫皮,85,红夫人,其他,0,#N/A,#N/A,,
11309,月影青,绿皮,113,小说家,其他,0,#N/A,#N/A,,
7812,月相,紫皮,78,先知,其他,0,#N/A,#N/A,,
7403,月下绅士,紫皮,74,摄影师,其他,0,#N/A,#N/A,,
2320,月下旅客,蓝皮,23,冒险家,其他,0,#N/A,#N/A,,
8108,月侍,蓝皮,81,梦之女巫,其他,0,#N/A,#N/A,,
8208,月侍,蓝皮,82,梦之女巫,其他,0,#N/A,#N/A,,
7208,月神侍女,蓝皮,72,调香师,其他,0,#N/A,#N/A,,
3003,月亮脸,蓝皮,1,厂长,其他,0,#N/A,#N/A,,
302,月亮脸,蓝皮,3,幸运儿,其他,0,#N/A,#N/A,,
12608,月光蓝,绿皮,126,守夜人,其他,0,#N/A,#N/A,,
9715,月缚,蓝皮,97,“囚徒”,其他,0,#N/A,#N/A,,
9004,远洋蓝,绿皮,90,大副,其他,0,#N/A,#N/A,,
2323,远行者,蓝皮,23,冒险家,其他,0,#N/A,#N/A,,
2309,远航,蓝皮,23,冒险家,其他,0,#N/A,#N/A,,
13104,原石,蓝皮,131,拉拉队员,其他,0,#N/A,#N/A,,
1745,园丁旧装,紫皮,17,园丁,其他,0,#N/A,#N/A,,
6314,渊栖,蓝皮,63,红蝶,其他,0,#N/A,#N/A,,
2326,渊博之人,蓝皮,23,冒险家,其他,0,#N/A,#N/A,,
7415,鸢尾,蓝皮,74,摄影师,其他,0,#N/A,#N/A,,
1628,预警哨,蓝皮,16,“慈善家”,其他,0,#N/A,#N/A,,
10708,浴石商人,紫皮,107,玩具商,其他,0,#N/A,#N/A,,
6334,浴袍妖,蓝皮,63,红蝶,其他,0,#N/A,#N/A,,
10806,浴袍情侣,蓝皮,108,病患,其他,0,#N/A,#N/A,,
11006,浴袍情侣,蓝皮,110,“心理学家”,其他,0,#N/A,#N/A,,
1429,浴火绯花,金皮,14,医生,其他,0,#N/A,#N/A,,
1428,玉露,蓝皮,14,医生,其他,0,#N/A,#N/A,,
1423,雨中曲,紫皮,14,医生,其他,0,#N/A,#N/A,,
8904,雨燕先生,金皮,89,杂技演员,限定,2000,限定,第07赛季,1918,
8902,雨宫莲,金皮,89,杂技演员,限定,188,限定,联动,130,
8110,羽蛇,紫皮,81,梦之女巫,其他,0,#N/A,#N/A,,
8210,羽蛇,紫皮,82,梦之女巫,其他,0,#N/A,#N/A,,
1736,宇宙女巫,金皮,17,园丁,限定,870,限定,第24赛季,646,
10911,与月生,蓝皮,109,渔女,其他,0,#N/A,#N/A,,
1439,与谢野晶子,紫皮,14,医生,其他,0,#N/A,#N/A,,
1440,与谢野晶子,紫皮,14,医生,其他,0,#N/A,#N/A,,
8905,愚者之心,蓝皮,89,杂技演员,其他,0,#N/A,#N/A,,
8813,鱼汤宴,蓝皮,88,野人,其他,0,#N/A,#N/A,,
12707,游隼,紫皮,127,隐士,其他,0,#N/A,#N/A,,
3616,油画小姐,蓝皮,36,舞女,其他,0,#N/A,#N/A,,
6842,犹格·索托斯之使,虚妄,68,祭司,其他,0,#N/A,#N/A,,
6843,犹格·索托斯之使,虚妄,68,祭司,其他,0,#N/A,#N/A,,
7213,幽香粉,绿皮,72,调香师,其他,0,#N/A,#N/A,,
1721,幽灵公主,金皮,17,园丁,其他,0,#N/A,#N/A,,
11409,幽灵帆,金皮,114,作曲家,其他,0,#N/A,#N/A,,
6223,幽静蓝,绿皮,62,盲女,其他,0,#N/A,#N/A,,
2505,忧郁蓝,绿皮,25,佣兵,其他,0,#N/A,#N/A,,
12806,优雅蓝,绿皮,128,歌剧演员,其他,0,#N/A,#N/A,,
12906,优雅蓝,绿皮,129,歌剧演员,其他,0,#N/A,#N/A,,
5914,勇士,蓝皮,59,前锋,其他,0,#N/A,#N/A,,
6332,永夜极光,金皮,63,红蝶,限定,653,深渊限定,深渊,390,
11314,永生之人,蓝皮,113,小说家,其他,0,#N/A,#N/A,,
1443,永生花,紫皮,14,医生,其他,0,#N/A,#N/A,,
3019,永恒之王,紫皮,1,厂长,其他,0,#N/A,#N/A,,
12402,永恒,金皮,124,记者,限定,620,限定,第27赛季,449,
5912,慵懒的兔先生,紫皮,59,前锋,其他,0,#N/A,#N/A,,
2537,影堡孤儿,蓝皮,25,佣兵,其他,0,#N/A,#N/A,,
13103,荧,金皮,131,拉拉队员,限定,970,限定,第29赛季,620,
10214,鹦鹉,蓝皮,102,破轮,其他,0,#N/A,#N/A,,
10314,鹦鹉,蓝皮,103,破轮,其他,0,#N/A,#N/A,,
1507,樱花粉,绿皮,15,律师,其他,0,#N/A,#N/A,,
8526,应许之日,紫皮,85,红夫人,其他,0,#N/A,#N/A,,
12606,隐形人,紫皮,126,守夜人,其他,0,#N/A,#N/A,,
8016,隐世之匠,蓝皮,80,疯眼,其他,0,#N/A,#N/A,,
11506,隐匿黄,绿皮,115,哭泣小丑,其他,0,#N/A,#N/A,,
11118,引路仙子,蓝皮,111,“小女孩”,其他,0,#N/A,#N/A,,
6820,引路人,金皮,68,祭司,其他,0,#N/A,#N/A,,
8703,引魂人,金皮,87,勘探员,限定,0,限定,第06赛季,0,丑
6834,引渡,蓝皮,68,祭司,其他,0,#N/A,#N/A,,
7903,银行家,蓝皮,79,入殓师,其他,0,#N/A,#N/A,,
11019,银骑士,紫皮,110,“心理学家”,其他,0,#N/A,#N/A,,
1523,银骏,蓝皮,15,律师,其他,0,#N/A,#N/A,,
9713,银蚶,蓝皮,97,“囚徒”,其他,0,#N/A,#N/A,,
2105,银白科技,蓝皮,21,魔术师,其他,0,#N/A,#N/A,,
6217,音波,紫皮,62,盲女,其他,0,#N/A,#N/A,,
6621,阴阳司公,紫皮,66,宿伞之魂,其他,0,#N/A,#N/A,,
6721,阴阳司公,紫皮,67,宿伞之魂,其他,0,#N/A,#N/A,,
8814,癔症,蓝皮,88,野人,其他,0,#N/A,#N/A,,
6617,易学先生,蓝皮,66,宿伞之魂,其他,0,#N/A,#N/A,,
6717,易学先生,蓝皮,67,宿伞之魂,其他,0,#N/A,#N/A,,
8420,呓语症,蓝皮,84,爱哭鬼,其他,0,#N/A,#N/A,,
9618,异星开采,紫皮,96,守墓人,其他,0,#N/A,#N/A,,
6418,异星,紫皮,64,黄衣之主,其他,0,#N/A,#N/A,,
315,异象研究者,蓝皮,3,幸运儿,其他,0,#N/A,#N/A,,
1740,异想Hello Kitty,紫皮,17,园丁,其他,0,#N/A,#N/A,,
12308,异相睡眠,紫皮,123,飞行家,其他,0,#N/A,#N/A,,
223,异界行者,金皮,2,小丑,限定,499,深渊限定,深渊,330,
8615,异变,蓝皮,86,孽蜥,其他,0,#N/A,#N/A,,
133,艺术学助教,蓝皮,30,“杰克”,其他,0,#N/A,#N/A,,
11503,义肢,蓝皮,115,哭泣小丑,其他,0,#N/A,#N/A,,
12404,遗忘之人,蓝皮,124,记者,其他,0,#N/A,#N/A,,
6338,壹原侑子,金皮,63,红蝶,限定,630,限定,联动,590,
8413,伊万,紫皮,84,爱哭鬼,其他,0,#N/A,#N/A,,
8517,伊莎贝拉,金皮,85,红夫人,限定,786,限定,联动,700,
2317,伊卡洛斯,紫皮,23,冒险家,其他,0,#N/A,#N/A,,
6412,夜紫,绿皮,64,黄衣之主,其他,0,#N/A,#N/A,,
8507,夜宴灰,绿皮,85,红夫人,其他,0,#N/A,#N/A,,
9012,夜巡,蓝皮,90,大副,其他,0,#N/A,#N/A,,
7802,夜行枭,金皮,78,先知,限定,900,限定,第04赛季,760,
1527,夜神月,紫皮,15,律师,其他,0,#N/A,#N/A,,
138,夜来香,金皮,30,“杰克”,其他,0,#N/A,#N/A,,
6847,夜间的案情,蓝皮,68,祭司,其他,0,#N/A,#N/A,,
7824,夜火,蓝皮,78,先知,其他,0,#N/A,#N/A,,
9123,夜光杯,紫皮,91,调酒师,其他,0,#N/A,#N/A,,
8522,夜潮,金皮,85,红夫人,其他,0,#N/A,#N/A,,
8322,椰香假日,金皮,83,咒术师,其他,0,#N/A,#N/A,,
7216,药剂师,蓝皮,72,调香师,其他,0,#N/A,#N/A,,
9110,燕尾蝶,蓝皮,91,调酒师,其他,0,#N/A,#N/A,,
12704,焰心,蓝皮,127,隐士,其他,0,#N/A,#N/A,,
12208,验证,蓝皮,122,教授,其他,0,#N/A,#N/A,,
1420,宴会侍女,蓝皮,14,医生,其他,0,#N/A,#N/A,,
7907,宴会管家,蓝皮,79,入殓师,其他,0,#N/A,#N/A,,
5917,艳丽的蘑菇,蓝皮,59,前锋,其他,0,#N/A,#N/A,,
8707,鼹鼠先生,紫皮,87,勘探员,其他,0,#N/A,#N/A,,
8002,炎火之怒,金皮,80,疯眼,限定,0,限定,第04赛季,0,丑
6027,岩盐,蓝皮,60,蜘蛛,其他,0,#N/A,#N/A,,
2132,岩鸽,金皮,21,魔术师,限定,788,限定,第27赛季,500,
8911,岩,蓝皮,89,杂技演员,其他,0,#N/A,#N/A,,
9406,严肃蓝,绿皮,94,邮差,其他,0,#N/A,#N/A,,
11504,烟花盖伊,紫皮,115,哭泣小丑,其他,0,#N/A,#N/A,,
8504,胭脂,蓝皮,85,红夫人,其他,0,#N/A,#N/A,,
7402,亚兹拉尔,金皮,74,摄影师,其他,0,#N/A,#N/A,,
3018,亚瑟王,紫皮,1,厂长,其他,0,#N/A,#N/A,,
1531,亚伯拉罕·葛雷,紫皮,15,律师,其他,0,#N/A,#N/A,,
2115,雅蓝之礼,蓝皮,21,魔术师,其他,0,#N/A,#N/A,,
6825,雅典自由民,蓝皮,68,祭司,其他,0,#N/A,#N/A,,
7810,雅典自由民,蓝皮,78,先知,其他,0,#N/A,#N/A,,
8803,雅典征服者,蓝皮,88,野人,其他,0,#N/A,#N/A,,
307,雅典异乡人,蓝皮,3,幸运儿,其他,0,#N/A,#N/A,,
6221,雅典异乡人,蓝皮,62,盲女,其他,0,#N/A,#N/A,,
7819,哑光黄,绿皮,78,先知,其他,0,#N/A,#N/A,,
8927,压轴表演,蓝皮,89,杂技演员,其他,0,#N/A,#N/A,,
12210,驯鹰人,蓝皮,122,教授,其他,0,#N/A,#N/A,,
3606,驯兽师,金皮,36,舞女,限定,2000,限定,第03赛季,1888,
11004,训导,蓝皮,110,“心理学家”,其他,0,#N/A,#N/A,,
9612,巡路人,蓝皮,96,守墓人,其他,0,#N/A,#N/A,,
9018,寻星者,紫皮,90,大副,其他,0,#N/A,#N/A,,
6237,寻花人,蓝皮,62,盲女,其他,0,#N/A,#N/A,,
2120,寻宝贵族,金皮,21,魔术师,其他,0,#N/A,#N/A,,
8808,雪原猎人,紫皮,88,野人,其他,0,#N/A,#N/A,,
8424,雪影,蓝皮,84,爱哭鬼,其他,0,#N/A,#N/A,,
8421,雪上小王子,紫皮,84,爱哭鬼,其他,0,#N/A,#N/A,,
6214,学园红,绿皮,62,盲女,其他,0,#N/A,#N/A,,
3410,学徒,蓝皮,34,机械师,其他,0,#N/A,#N/A,,
7835,叙月人,蓝皮,78,先知,其他,0,#N/A,#N/A,,
14104,序幕,蓝皮,141,“骑士”,其他,0,#N/A,#N/A,,
1610,虚华,蓝皮,16,“慈善家”,其他,0,#N/A,#N/A,,
7236,虚构症,蓝皮,72,调香师,其他,0,#N/A,#N/A,,
12412,嗅盐,蓝皮,124,记者,其他,0,#N/A,#N/A,,
1629,锈蚀,蓝皮,16,“慈善家”,其他,0,#N/A,#N/A,,
1525,锈笔头,蓝皮,15,律师,其他,0,#N/A,#N/A,,
7915,休闲黄,绿皮,79,入殓师,其他,0,#N/A,#N/A,,
3424,熊女,蓝皮,34,机械师,其他,0,#N/A,#N/A,,
1735,熊猫保育员,紫皮,17,园丁,其他,0,#N/A,#N/A,,
314,幸运星,蓝皮,3,幸运儿,其他,0,#N/A,#N/A,,
5911,幸运的年轻人,蓝皮,59,前锋,其他,0,#N/A,#N/A,,
7220,猩红新娘,紫皮,72,调香师,其他,0,#N/A,#N/A,,
1903,猩红,蓝皮,19,鹿头,其他,0,#N/A,#N/A,,
14303,星之王,金皮,143,“喧嚣”,限定,330,限定,第35赛季,295,
6826,星月夜,蓝皮,68,祭司,其他,0,#N/A,#N/A,,
12303,星空之翼,金皮,123,飞行家,其他,0,#N/A,#N/A,,
6008,星空预言者,蓝皮,60,蜘蛛,其他,0,#N/A,#N/A,,
5904,星空蓝,绿皮,59,前锋,其他,0,#N/A,#N/A,,
317,星航之旅,紫皮,3,幸运儿,其他,0,#N/A,#N/A,,
10810,星辰,金皮,108,病患,其他,0,#N/A,#N/A,,
7832,信书,蓝皮,78,先知,其他,0,#N/A,#N/A,,
8118,信使,金皮,81,梦之女巫,限定,510,限定,第26赛季,520,
8218,信使,金皮,82,梦之女巫,限定,0,#N/A,#N/A,,
8320,信使,蓝皮,83,咒术师,其他,510,#N/A,#N/A,,
1622,信号员,蓝皮,16,“慈善家”,其他,0,#N/A,#N/A,,
10707,新奇玩具,蓝皮,107,玩具商,其他,0,#N/A,#N/A,,
3222,新岛真,紫皮,32,空军,其他,0,#N/A,#N/A,,
7818,新春预言,蓝皮,78,先知,其他,0,#N/A,#N/A,,
1714,辛劳的侍女,蓝皮,17,园丁,其他,0,#N/A,#N/A,,
3440,心锁,金皮,34,机械师,限定,1200,限定,第21赛季,765,
120,邪眼寄主,金皮,30,“杰克”,限定,380,深渊限定,深渊,340,
11302,邪念,蓝皮,113,小说家,其他,0,#N/A,#N/A,,
10116,校正,蓝皮,101,雕刻家,其他,0,#N/A,#N/A,,
9512,校监夫人,紫皮,95,“使徒”,其他,0,#N/A,#N/A,,
12407,小玉,紫皮,124,记者,其他,0,#N/A,#N/A,,
2324,小人国,金皮,23,冒险家,其他,0,#N/A,#N/A,,
11116,小六,紫皮,111,“小女孩”,其他,0,#N/A,#N/A,,
3432,小机灵,蓝皮,34,机械师,其他,0,#N/A,#N/A,,
3409,小红帽,金皮,34,机械师,其他,0,#N/A,#N/A,,
1408,小丑鱼,蓝皮,14,医生,其他,0,#N/A,#N/A,,
213,小丑皇,金皮,2,小丑,其他,0,#N/A,#N/A,,
3425,硝,蓝皮,34,机械师,其他,0,#N/A,#N/A,,
8314,消逝,蓝皮,83,咒术师,其他,0,#N/A,#N/A,,
5903,消防员,蓝皮,59,前锋,其他,0,#N/A,#N/A,,
3204,象牙白,绿皮,32,空军,其他,0,#N/A,#N/A,,
124,向日葵,蓝皮,30,“杰克”,其他,0,#N/A,#N/A,,
7814,想成为人的老虎,蓝皮,78,先知,其他,0,#N/A,#N/A,,
9121,享乐女巫,蓝皮,91,调酒师,其他,0,#N/A,#N/A,,
3630,香薰桑拿,紫皮,36,舞女,其他,0,#N/A,#N/A,,
7223,香氛,蓝皮,72,调香师,其他,0,#N/A,#N/A,,
9315,香槟桶,蓝皮,93,26号守卫,其他,0,#N/A,#N/A,,
1713,相聚之礼,绿皮,17,园丁,其他,0,#N/A,#N/A,,
11304,乡愁,蓝皮,113,小说家,其他,0,#N/A,#N/A,,
9319,霰,紫皮,93,26号守卫,其他,0,#N/A,#N/A,,
10714,线控信号,紫皮,107,玩具商,其他,0,#N/A,#N/A,,
9804,衔尾蛇,紫皮,98,小提琴家,其他,0,#N/A,#N/A,,
10112,咸沙,蓝皮,101,雕刻家,其他,0,#N/A,#N/A,,
2542,弦音畸变,紫皮,25,佣兵,其他,0,#N/A,#N/A,,
11507,鲜明绿,绿皮,115,哭泣小丑,其他,0,#N/A,#N/A,,
11408,纤弱青,绿皮,114,作曲家,其他,0,#N/A,#N/A,,
11405,先驱探索,紫皮,114,作曲家,其他,0,#N/A,#N/A,,
6321,仙鹤,紫皮,63,红蝶,其他,0,#N/A,#N/A,,
6603,霞影,绿皮,66,宿伞之魂,其他,0,#N/A,#N/A,,
6703,霞影,绿皮,67,宿伞之魂,其他,0,#N/A,#N/A,,
10709,匣中惊喜,蓝皮,107,玩具商,其他,0,#N/A,#N/A,,
13509,匣中的淑女,蓝皮,135,“法罗女士”,其他,0,#N/A,#N/A,,
10212,戏谑绿,绿皮,102,破轮,其他,0,#N/A,#N/A,,
10312,戏谑绿,绿皮,103,破轮,其他,0,#N/A,#N/A,,
6230,戏班小主人,蓝皮,62,盲女,其他,0,#N/A,#N/A,,
7909,喜多川祐介,紫皮,79,入殓师,其他,0,#N/A,#N/A,,
7913,嬉命人,紫皮,79,入殓师,其他,0,#N/A,#N/A,,
11514,熄灭的太阳,紫皮,115,哭泣小丑,其他,0,#N/A,#N/A,,
10816,稀缺病案,紫皮,108,病患,其他,0,#N/A,#N/A,,
8527,希望的残像,虚妄,85,红夫人,其他,0,#N/A,#N/A,,
8528,希望的残像,虚妄,85,红夫人,其他,0,#N/A,#N/A,,
8529,希望的残像,虚妄,85,红夫人,其他,0,#N/A,#N/A,,
8530,希望的残像,蓝皮,85,红夫人,其他,0,#N/A,#N/A,,
3636,西尔菲德,金皮,36,舞女,其他,0,#N/A,#N/A,,
3619,西部迷情,蓝皮,36,舞女,其他,0,#N/A,#N/A,,
9307,西部大亨,紫皮,93,26号守卫,其他,0,#N/A,#N/A,,
12309,雾中巡逻,蓝皮,123,飞行家,其他,0,#N/A,#N/A,,
3229,雾切响子,紫皮,32,空军,其他,0,#N/A,#N/A,,
11007,雾灰蓝,绿皮,110,“心理学家”,其他,0,#N/A,#N/A,,
113,雾鹗,蓝皮,30,“杰克”,其他,0,#N/A,#N/A,,
12705,雾霭,蓝皮,127,隐士,其他,0,#N/A,#N/A,,
1619,舞狮,金皮,16,“慈善家”,限定,1200,春节限定,春节,760.69,
3639,舞女旧装1,蓝皮,36,舞女,其他,0,#N/A,#N/A,,
11115,五月七日小羽,紫皮,111,“小女孩”,其他,0,#N/A,#N/A,,
6833,五号庭专员,蓝皮,68,祭司,其他,0,#N/A,#N/A,,
6329,五光,蓝皮,63,红蝶,其他,0,#N/A,#N/A,,
139,蜈蚣,蓝皮,30,“杰克”,其他,0,#N/A,#N/A,,
8324,无助的鸽子,蓝皮,83,咒术师,其他,0,#N/A,#N/A,,
6604,无阴之阳,蓝皮,66,宿伞之魂,其他,0,#N/A,#N/A,,
6704,无阴之阳,蓝皮,67,宿伞之魂,其他,0,#N/A,#N/A,,
2118,无雪之峰,蓝皮,21,魔术师,其他,0,#N/A,#N/A,,
6605,无水之溪,蓝皮,66,宿伞之魂,其他,0,#N/A,#N/A,,
6705,无水之溪,蓝皮,67,宿伞之魂,其他,0,#N/A,#N/A,,
1417,无霜之寒,蓝皮,14,医生,其他,0,#N/A,#N/A,,
1615,无色之黥,蓝皮,16,“慈善家”,其他,0,#N/A,#N/A,,
7307,无躯之魂,蓝皮,73,牛仔,其他,0,#N/A,#N/A,,
1416,无明之晨,蓝皮,14,医生,其他,0,#N/A,#N/A,,
1616,无律之曲,蓝皮,16,“慈善家”,其他,0,#N/A,#N/A,,
2117,无乐之舞,蓝皮,21,魔术师,其他,0,#N/A,#N/A,,
7308,无魂之躯,蓝皮,73,牛仔,其他,0,#N/A,#N/A,,
10614,钨,紫皮,106,击球手,其他,0,#N/A,#N/A,,
1419,巫医,蓝皮,14,医生,其他,0,#N/A,#N/A,,
6218,巫师学徒,蓝皮,62,盲女,其他,0,#N/A,#N/A,,
9411,巫师奥兹,蓝皮,94,邮差,其他,0,#N/A,#N/A,,
6010,污浊,蓝皮,60,蜘蛛,其他,0,#N/A,#N/A,,
9517,乌撒来客,金皮,95,“使徒”,其他,0,#N/A,#N/A,,
9421,沃·报喜,蓝皮,94,邮差,其他,0,#N/A,#N/A,,
1921,闻雷爪,金皮,19,鹿头,其他,0,#N/A,#N/A,,
2128,文学教授,紫皮,21,魔术师,其他,0,#N/A,#N/A,,
12202,温泉煮酒,金皮,122,教授,限定,0,限定,第22赛季,0,丑
10419,温暖的平安夜,紫皮,104,画家,其他,0,#N/A,#N/A,,
712,未至之人,金皮,7,侦探,限定,0,限定,充值,0,丑
10001009,未至之人,金皮,10001,侦探,限定,0,#N/A,#N/A,,
10021,未知的“来客”,蓝皮,100,昆虫学者,其他,0,#N/A,#N/A,,
8924,梶井基次郎,紫皮,89,杂技演员,其他,0,#N/A,#N/A,,
7416,委托人,蓝皮,74,摄影师,其他,0,#N/A,#N/A,,
3218,伪装,蓝皮,32,空军,其他,0,#N/A,#N/A,,
6322,忘忧,蓝皮,63,红蝶,其他,0,#N/A,#N/A,,
122,忘川渡人,金皮,30,“杰克”,其他,0,#N/A,#N/A,,
1414,往昔,紫皮,14,医生,其他,0,#N/A,#N/A,,
1427,往事,蓝皮,14,医生,其他,0,#N/A,#N/A,,
6212,往日时光,蓝皮,62,盲女,其他,0,#N/A,#N/A,,
8925,王马小吉,紫皮,89,杂技演员,其他,0,#N/A,#N/A,,
7428,亡灵之主,金皮,74,摄影师,限定,1250,限定,第28赛季,1150,
141,亡灵侍卫,蓝皮,30,“杰克”,其他,0,#N/A,#N/A,,
3245,万能钥匙,紫皮,32,空军,其他,0,#N/A,#N/A,,
10721,玩偶屋,蓝皮,107,玩具商,其他,0,#N/A,#N/A,,
10713,玩偶女巫,蓝皮,107,玩具商,其他,0,#N/A,#N/A,,
10725,玩具商旧装1,金皮,107,玩具商,其他,0,#N/A,#N/A,,
1441,外科医生,蓝皮,14,医生,其他,0,#N/A,#N/A,,
8102,瓦姬特,金皮,81,梦之女巫,限定,1000,限定,第05赛季,1000,
8202,瓦姬特,金皮,82,梦之女巫,限定,0,#N/A,#N/A,,
8815,退伍看守,蓝皮,88,野人,其他,0,#N/A,#N/A,,
10711,推罗紫,绿皮,107,玩具商,其他,0,#N/A,#N/A,,
2521,推理先生,紫皮,25,佣兵,限定真理,2499,限定真理,真理,2398,
2134,兔脚,蓝皮,21,魔术师,其他,0,#N/A,#N/A,,
10405,涂绿,绿皮,104,画家,其他,0,#N/A,#N/A,,
8021,图书馆看守,蓝皮,80,疯眼,其他,0,#N/A,#N/A,,
3637,图书馆管家,蓝皮,36,舞女,其他,0,#N/A,#N/A,,
8013,秃牙的狮子,蓝皮,80,疯眼,其他,0,#N/A,#N/A,,
10718,透闪,蓝皮,107,玩具商,其他,0,#N/A,#N/A,,
143,投资人,蓝皮,30,“杰克”,其他,0,#N/A,#N/A,,
1625,投资大亨,蓝皮,16,“慈善家”,其他,0,#N/A,#N/A,,
8408,恸哭,紫皮,84,爱哭鬼,其他,0,#N/A,#N/A,,
211,童年烙印,蓝皮,2,小丑,其他,0,#N/A,#N/A,,
10808,铜哨黄,绿皮,108,病患,其他,0,#N/A,#N/A,,
3239,樋口一叶,紫皮,32,空军,其他,0,#N/A,#N/A,,
7823,庭外执行官,蓝皮,78,先知,其他,0,#N/A,#N/A,,
9311,铁皮人,蓝皮,93,26号守卫,其他,0,#N/A,#N/A,,
214,铁帽团长,蓝皮,2,小丑,其他,0,#N/A,#N/A,,
7309,铁帽警长,蓝皮,73,牛仔,其他,0,#N/A,#N/A,,
1617,铁帽黑手,蓝皮,16,“慈善家”,其他,0,#N/A,#N/A,,
9002,铁钩船长,金皮,90,大副,限定,588,限定,第08赛季,430,
1731,贴身女仆,蓝皮,17,园丁,其他,0,#N/A,#N/A,,
7225,贴身女伴,蓝皮,72,调香师,其他,0,#N/A,#N/A,,
10706,跳台滑雪,蓝皮,107,玩具商,其他,0,#N/A,#N/A,,
12112,填海平,紫皮,121,古董商,其他,0,#N/A,#N/A,,
2308,甜杏黄,绿皮,23,冒险家,其他,0,#N/A,#N/A,,
6205,甜心蛋糕,紫皮,62,盲女,其他,0,#N/A,#N/A,,
10814,天使向导,紫皮,108,病患,其他,0,#N/A,#N/A,,
1604,天青石,绿皮,16,“慈善家”,其他,0,#N/A,#N/A,,
10117,天狼星,紫皮,101,雕刻家,其他,0,#N/A,#N/A,,
7316,天空蓝,绿皮,73,牛仔,其他,0,#N/A,#N/A,,
3243,天河,金皮,32,空军,其他,0,#N/A,#N/A,,
9724,天海兰太郎,紫皮,97,“囚徒”,其他,0,#N/A,#N/A,,
7240,天仓澪,紫皮,72,调香师,其他,0,#N/A,#N/A,,
7241,天仓澪,紫皮,72,调香师,其他,0,#N/A,#N/A,,
3622,体操选手,蓝皮,36,舞女,其他,0,#N/A,#N/A,,
7243,提炼师,紫皮,72,调香师,其他,0,#N/A,#N/A,,
3242,提夫林,蓝皮,32,空军,其他,0,#N/A,#N/A,,
8619,特效化妆,蓝皮,86,孽蜥,其他,0,#N/A,#N/A,,
6844,特别的注解,蓝皮,68,祭司,其他,0,#N/A,#N/A,,
3013,套索,蓝皮,1,厂长,其他,0,#N/A,#N/A,,
8715,淘金人,蓝皮,87,勘探员,其他,0,#N/A,#N/A,,
1705,桃心粉,绿皮,17,园丁,其他,0,#N/A,#N/A,,
6625,桃面书生,紫皮,66,宿伞之魂,其他,0,#N/A,#N/A,,
6725,桃面书生,紫皮,67,宿伞之魂,其他,0,#N/A,#N/A,,
11109,桃乐丝,紫皮,111,“小女孩”,其他,0,#N/A,#N/A,,
10802,逃罪之人,金皮,108,病患,限定,830,商城限定,商城,699,
10411,逃亡者,紫皮,104,画家,其他,0,#N/A,#N/A,,
6405,饕食,蓝皮,64,黄衣之主,其他,0,#N/A,#N/A,,
3431,糖果少女,紫皮,34,机械师,其他,0,#N/A,#N/A,,
1503,探员,蓝皮,15,律师,其他,0,#N/A,#N/A,,
12207,探索蓝,绿皮,122,教授,其他,0,#N/A,#N/A,,
12008,探班粉丝,蓝皮,117,“噩梦”,其他,0,#N/A,#N/A,,
7414,潭影,绿皮,74,摄影师,其他,0,#N/A,#N/A,,
7322,贪婪的拉亚,蓝皮,73,牛仔,其他,0,#N/A,#N/A,,
9721,太宰治,金皮,97,“囚徒”,限定,830,限定,联动,750,
3233,塔利亚,蓝皮,32,空军,其他,0,#N/A,#N/A,,
10002,索菲亚,金皮,100,昆虫学者,限定,1200,限定,第12赛季,888,
10720,碎硝石,蓝皮,107,玩具商,其他,0,#N/A,#N/A,,
6325,碎裂瓷人,蓝皮,63,红蝶,其他,0,#N/A,#N/A,,
12004,随机数,紫皮,117,“噩梦”,其他,0,#N/A,#N/A,,
1519,随队记者,蓝皮,15,律师,其他,0,#N/A,#N/A,,
7425,宿醉,紫皮,74,摄影师,其他,0,#N/A,#N/A,,
5933,速滑种子,金皮,59,前锋,限定,0,限定,第21赛季,0,丑
7904,肃穆白,绿皮,79,入殓师,其他,0,#N/A,#N/A,,
1425,肃静蓝,绿皮,14,医生,其他,0,#N/A,#N/A,,
1530,诉讼律师,蓝皮,15,律师,其他,0,#N/A,#N/A,,
8520,夙愿,蓝皮,85,红夫人,其他,0,#N/A,#N/A,,
136,宋杰,紫皮,30,“杰克”,其他,0,#N/A,#N/A,,
2305,松石青,绿皮,23,冒险家,其他,0,#N/A,#N/A,,
10418,松节油,蓝皮,104,画家,其他,0,#N/A,#N/A,,
7833,四月一日君寻,紫皮,78,先知,其他,0,#N/A,#N/A,,
6414,死灵师,金皮,64,黄衣之主,其他,0,#N/A,#N/A,,
118,斯文加利,紫皮,30,“杰克”,其他,0,#N/A,#N/A,,
6823,斯库拉,蓝皮,68,祭司,其他,0,#N/A,#N/A,,
8518,斯嘉丽,紫皮,85,红夫人,其他,0,#N/A,#N/A,,
10114,思维奔逸,蓝皮,101,雕刻家,其他,0,#N/A,#N/A,,
7231,思念,蓝皮,72,调香师,其他,0,#N/A,#N/A,,
2514,思明,紫皮,25,佣兵,其他,0,#N/A,#N/A,,
1726,司令,蓝皮,17,园丁,其他,0,#N/A,#N/A,,
5935,水球救生,紫皮,59,前锋,其他,0,#N/A,#N/A,,
6006,水晶烛台,紫皮,60,蜘蛛,其他,0,#N/A,#N/A,,
11011,水晶女巫,蓝皮,110,“心理学家”,其他,0,#N/A,#N/A,,
8115,水边幻影,蓝皮,81,梦之女巫,其他,0,#N/A,#N/A,,
8215,水边幻影,蓝皮,82,梦之女巫,其他,0,#N/A,#N/A,,
7305,霜叶白,蓝皮,73,牛仔,其他,0,#N/A,#N/A,,
304,双一,紫皮,3,幸运儿,其他,0,#N/A,#N/A,,
308,双一,紫皮,3,幸运儿,其他,0,#N/A,#N/A,,
7922,双相情感障碍,蓝皮,79,入殓师,其他,0,#N/A,#N/A,,
8728,双面盗贼,紫皮,87,勘探员,其他,0,#N/A,#N/A,,
10809,树影绿,绿皮,108,病患,其他,0,#N/A,#N/A,,
229,树形背景板,紫皮,2,小丑,其他,0,#N/A,#N/A,,
10207,树洞遗孤,蓝皮,102,破轮,其他,0,#N/A,#N/A,,
10307,树洞遗孤,蓝皮,103,破轮,其他,0,#N/A,#N/A,,
7811,束缚者,蓝皮,78,先知,其他,0,#N/A,#N/A,,
9318,蜀中客,紫皮,93,26号守卫,其他,0,#N/A,#N/A,,
1413,赎命,蓝皮,14,医生,其他,0,#N/A,#N/A,,
12205,书卷棕,绿皮,122,教授,其他,0,#N/A,#N/A,,
6224,书记官,紫皮,62,盲女,其他,0,#N/A,#N/A,,
10905,受蛊惑者,蓝皮,109,渔女,其他,0,#N/A,#N/A,,
12709,首席顾问,金皮,127,隐士,其他,0,#N/A,#N/A,,
7926,守钟人,紫皮,79,入殓师,其他,0,#N/A,#N/A,,
1430,守护者,蓝皮,14,医生,其他,0,#N/A,#N/A,,
8620,守隘者,蓝皮,86,孽蜥,其他,0,#N/A,#N/A,,
6013,手术台,蓝皮,60,蜘蛛,其他,0,#N/A,#N/A,,
11213,收藏品,紫皮,112,蜡像师,其他,0,#N/A,#N/A,,
7304,收藏家,蓝皮,73,牛仔,其他,0,#N/A,#N/A,,
137,嗜夜癖,蓝皮,30,“杰克”,其他,0,#N/A,#N/A,,
3017,嗜金海怪,金皮,1,厂长,限定,0,深渊限定,深渊,0,丑
1438,试运者,金皮,14,医生,限定,1350,限定,第22赛季,688,
10813,试炼者,蓝皮,108,病患,其他,0,#N/A,#N/A,,
7221,莳萝,蓝皮,72,调香师,其他,0,#N/A,#N/A,,
12602,蚀日者,金皮,126,守夜人,限定,1400,限定,第26赛季,1100,
8816,拾山人,蓝皮,88,野人,其他,0,#N/A,#N/A,,
8603,实验体,蓝皮,86,孽蜥,其他,0,#N/A,#N/A,,
7214,时之砂,紫皮,72,调香师,其他,0,#N/A,#N/A,,
6017,时之猎手,紫皮,60,蜘蛛,其他,0,#N/A,#N/A,,
8918,石榴,蓝皮,89,杂技演员,其他,0,#N/A,#N/A,,
8614,石匠,蓝皮,86,孽蜥,其他,0,#N/A,#N/A,,
13307,石化白,绿皮,133,“愚人金”,其他,0,#N/A,#N/A,,
6606,十字路口的美少年,紫皮,66,宿伞之魂,其他,0,#N/A,#N/A,,
6706,十字路口的美少年,紫皮,67,宿伞之魂,其他,0,#N/A,#N/A,,
6328,十三娘,金皮,63,红蝶,限定,2500,限定,第11赛季,1849,
126,失却之人,蓝皮,30,“杰克”,其他,0,#N/A,#N/A,,
5937,失去头盔的骑士,蓝皮,59,前锋,其他,0,#N/A,#N/A,,
12307,失败的探索,蓝皮,123,飞行家,其他,0,#N/A,#N/A,,
121,盛宴伯爵,金皮,30,“杰克”,其他,0,#N/A,#N/A,,
8731,盛夏飞盘,金皮,87,勘探员,其他,0,#N/A,#N/A,,
1526,胜负手,蓝皮,15,律师,其他,0,#N/A,#N/A,,
9707,圣梅尔塞,蓝皮,97,“囚徒”,其他,0,#N/A,#N/A,,
12009,圣洁,紫皮,117,“噩梦”,其他,0,#N/A,#N/A,,
7813,圣光白,绿皮,78,先知,其他,0,#N/A,#N/A,,
10014,圣诞装,蓝皮,100,昆虫学者,其他,0,#N/A,#N/A,,
10123,圣诞装,蓝皮,101,雕刻家,其他,0,#N/A,#N/A,,
1424,圣诞装,蓝皮,14,医生,其他,0,#N/A,#N/A,,
1727,圣诞装,蓝皮,17,园丁,其他,0,#N/A,#N/A,,
3244,圣诞装,蓝皮,32,空军,其他,0,#N/A,#N/A,,
7320,圣诞装,蓝皮,73,牛仔,其他,0,#N/A,#N/A,,
7426,圣诞装,蓝皮,74,摄影师,其他,0,#N/A,#N/A,,
9119,圣诞装,蓝皮,91,调酒师,其他,0,#N/A,#N/A,,
9420,圣诞信使,金皮,94,邮差,限定,0,限定,第30赛季,0,丑
8618,圣诞沙龙,紫皮,86,孽蜥,其他,0,#N/A,#N/A,,
3024,圣诞老人,蓝皮,1,厂长,其他,0,#N/A,#N/A,,
1918,圣诞狂鹿,紫皮,19,鹿头,其他,0,#N/A,#N/A,,
1621,圣诞精灵,蓝皮,16,“慈善家”,其他,0,#N/A,#N/A,,
1715,圣杯侍女,蓝皮,17,园丁,其他,0,#N/A,#N/A,,
10015,生态圈,紫皮,100,昆虫学者,其他,0,#N/A,#N/A,,
5905,生机绿,绿皮,59,前锋,其他,0,#N/A,#N/A,,
12713,升学礼,紫皮,127,隐士,其他,0,#N/A,#N/A,,
7804,审判者,蓝皮,78,先知,其他,0,#N/A,#N/A,,
6420,神谕大司祭,蓝皮,64,黄衣之主,其他,0,#N/A,#N/A,,
6808,神圣之辉,紫皮,68,祭司,其他,0,#N/A,#N/A,,
11014,神圣阿斯莫,紫皮,110,“心理学家”,其他,0,#N/A,#N/A,,
6805,神秘绿,绿皮,68,祭司,其他,0,#N/A,#N/A,,
3026,神秘的工厂主,蓝皮,1,厂长,其他,0,#N/A,#N/A,,
6602,神眷,金皮,66,宿伞之魂,限定,1000,限定,第03赛季,995,
6702,神眷,金皮,67,宿伞之魂,限定,0,#N/A,#N/A,,
6406,深渊之桨,蓝皮,64,黄衣之主,其他,0,#N/A,#N/A,,
12006,深渊蓝,绿皮,117,“噩梦”,其他,0,#N/A,#N/A,,
9810,深渊符号,蓝皮,98,小提琴家,其他,0,#N/A,#N/A,,
6814,深幽灰,绿皮,68,祭司,其他,0,#N/A,#N/A,,
1504,深空黑,绿皮,15,律师,其他,0,#N/A,#N/A,,
3205,深海蓝,绿皮,32,空军,其他,0,#N/A,#N/A,,
5909,深海玳瑁,蓝皮,59,前锋,其他,0,#N/A,#N/A,,
8422,勺童,蓝皮,84,爱哭鬼,其他,0,#N/A,#N/A,,
3413,赏金狂人,蓝皮,34,机械师,其他,0,#N/A,#N/A,,
5918,善良的蘑菇,蓝皮,59,前锋,其他,0,#N/A,#N/A,,
1508,珊瑚红,绿皮,15,律师,其他,0,#N/A,#N/A,,
7202,珊瑚夫人,金皮,72,调香师,限定,2000,限定,第02赛季,1600,
11611,删除符,紫皮,116,“记录员”,其他,0,#N/A,#N/A,,
11113,山雀,蓝皮,111,“小女孩”,其他,0,#N/A,#N/A,,
3631,莎乐美,紫皮,36,舞女,其他,0,#N/A,#N/A,,
11511,沙洲月下,蓝皮,115,哭泣小丑,其他,0,#N/A,#N/A,,
12607,沙土褐,绿皮,126,守夜人,其他,0,#N/A,#N/A,,
10215,沙滩漂移,紫皮,102,破轮,其他,0,#N/A,#N/A,,
10315,沙滩漂移,紫皮,103,破轮,其他,0,#N/A,#N/A,,
1522,沙司,蓝皮,15,律师,其他,0,#N/A,#N/A,,
2526,沙狼,蓝皮,25,佣兵,其他,0,#N/A,#N/A,,
1730,森之灵,蓝皮,17,园丁,其他,0,#N/A,#N/A,,
1717,森之华,蓝皮,17,园丁,其他,0,#N/A,#N/A,,
9302,三月兔,金皮,93,26号守卫,限定,652.18,限定,第09赛季,699,
6619,三色无缘,蓝皮,66,宿伞之魂,其他,0,#N/A,#N/A,,
6719,三色无缘,蓝皮,67,宿伞之魂,其他,0,#N/A,#N/A,,
10202,三面神,金皮,102,破轮,限定,650,限定,第16赛季,650,
10302,三面神,金皮,103,破轮,限定,0,#N/A,#N/A,,
8922,三金西瓜霜,蓝皮,89,杂技演员,其他,0,#N/A,#N/A,,
10104,三号庭专员,蓝皮,101,雕刻家,其他,0,#N/A,#N/A,,
224,三分熟,蓝皮,2,小丑,其他,0,#N/A,#N/A,,
13110,赛事志愿者,蓝皮,131,拉拉队员,其他,0,#N/A,#N/A,,
9710,赛车机师,蓝皮,97,“囚徒”,其他,0,#N/A,#N/A,,
1444,赛场急救,蓝皮,14,医生,其他,0,#N/A,#N/A,,
6822,塞壬,蓝皮,68,祭司,其他,0,#N/A,#N/A,,
6827,撒玛拉,紫皮,68,祭司,其他,0,#N/A,#N/A,,
11111,瑞吉儿·加德纳,紫皮,111,“小女孩”,其他,0,#N/A,#N/A,,
10717,入间美兔,紫皮,107,玩具商,其他,0,#N/A,#N/A,,
1744,柔软的梦影,蓝皮,17,园丁,其他,0,#N/A,#N/A,,
11404,融合,蓝皮,114,作曲家,其他,0,#N/A,#N/A,,
5908,熔岩海龟,蓝皮,59,前锋,其他,0,#N/A,#N/A,,
10602,熔岩蛋糕,金皮,106,击球手,限定,700,限定,第15赛季,575,
1916,熔铁猎犬,金皮,19,鹿头,限定,0,深渊限定,深渊,0,丑
11209,熔合棕,绿皮,112,蜡像师,其他,0,#N/A,#N/A,,
3419,绒花之谜,蓝皮,34,机械师,其他,0,#N/A,#N/A,,
3220,荣耀之名,蓝皮,32,空军,其他,0,#N/A,#N/A,,
6616,日月相随,紫皮,66,宿伞之魂,其他,0,#N/A,#N/A,,
6716,日月相随,紫皮,67,宿伞之魂,其他,0,#N/A,#N/A,,
8719,日向创,金皮,87,勘探员,限定,1000,限定,联动,1088,
9605,日落黄沙,金皮,96,守墓人,限定,0,限定,第11赛季,0,丑
10018,日常,蓝皮,100,昆虫学者,其他,0,#N/A,#N/A,,
8525,仁慈之人,蓝皮,85,红夫人,其他,0,#N/A,#N/A,,
2518,壬生狼新兵,蓝皮,25,佣兵,其他,0,#N/A,#N/A,,
3426,人偶师,紫皮,34,机械师,其他,0,#N/A,#N/A,,
9520,热心读者,蓝皮,95,“使徒”,其他,0,#N/A,#N/A,,
3429,热情红,绿皮,34,机械师,其他,0,#N/A,#N/A,,
13107,热烈红,绿皮,131,拉拉队员,其他,0,#N/A,#N/A,,
8111,热浪,蓝皮,81,梦之女巫,其他,0,#N/A,#N/A,,
8211,热浪,蓝皮,82,梦之女巫,其他,0,#N/A,#N/A,,
9706,蚺,蓝皮,97,“囚徒”,其他,0,#N/A,#N/A,,
8716,雀舌,紫皮,87,勘探员,其他,0,#N/A,#N/A,,
1437,痊愈,紫皮,14,医生,其他,0,#N/A,#N/A,,
7902,驱魔人,金皮,79,入殓师,限定,2500,限定,第04赛季,3100,
10206,球球,紫皮,102,破轮,其他,0,#N/A,#N/A,,
10306,球球,紫皮,103,破轮,其他,0,#N/A,#N/A,,
10309,球球,紫皮,103,破轮,其他,0,#N/A,#N/A,,
208,囚徒,蓝皮,2,小丑,其他,0,#N/A,#N/A,,
11117,秋游,蓝皮,111,“小女孩”,其他,0,#N/A,#N/A,,
6202,秋意绿,绿皮,62,盲女,其他,0,#N/A,#N/A,,
2307,秋叶橘,绿皮,23,冒险家,其他,0,#N/A,#N/A,,
9418,秋日随想,紫皮,94,邮差,其他,0,#N/A,#N/A,,
9417,秋枫制服,蓝皮,94,邮差,其他,0,#N/A,#N/A,,
9807,秋风曲,绿皮,98,小提琴家,其他,0,#N/A,#N/A,,
6316,秋荻寒,蓝皮,63,红蝶,其他,0,#N/A,#N/A,,
3212,琼楼遗恨,紫皮,32,空军,其他,0,#N/A,#N/A,,
2111,庆典司仪,蓝皮,21,魔术师,其他,0,#N/A,#N/A,,
10723,清洁翼,紫皮,107,玩具商,其他,0,#N/A,#N/A,,
6305,青衣,绿皮,63,红蝶,其他,0,#N/A,#N/A,,
1405,青雅白,绿皮,14,医生,其他,0,#N/A,#N/A,,
8817,青须的公爵,紫皮,88,野人,其他,0,#N/A,#N/A,,
6417,青苔,绿皮,64,黄衣之主,其他,0,#N/A,#N/A,,
8811,青苹果,绿皮,88,野人,其他,0,#N/A,#N/A,,
6002,青缝布,绿皮,60,蜘蛛,其他,0,#N/A,#N/A,,
2304,青葱绿,绿皮,23,冒险家,其他,0,#N/A,#N/A,,
7912,琴师,蓝皮,79,入殓师,其他,0,#N/A,#N/A,,
9408,琴键,紫皮,94,邮差,其他,0,#N/A,#N/A,,
8605,窃梦行者,紫皮,86,孽蜥,其他,0,#N/A,#N/A,,
12305,怯懦白,绿皮,123,飞行家,其他,0,#N/A,#N/A,,
8305,巧手女士,蓝皮,83,咒术师,其他,0,#N/A,#N/A,,
109,浅叶爵,绿皮,30,“杰克”,其他,0,#N/A,#N/A,,
6810,浅粉桃,绿皮,68,祭司,其他,0,#N/A,#N/A,,
11112,虔诚之人,蓝皮,111,“小女孩”,其他,0,#N/A,#N/A,,
5936,前锋旧装,蓝皮,59,前锋,其他,0,#N/A,#N/A,,
6815,千皮之裘,蓝皮,68,祭司,其他,0,#N/A,#N/A,,
8917,气胎,紫皮,89,杂技演员,其他,0,#N/A,#N/A,,
10722,气球环游,蓝皮,107,玩具商,其他,0,#N/A,#N/A,,
9015,起航日,紫皮,90,大副,其他,0,#N/A,#N/A,,
6624,麒麟商人,紫皮,66,宿伞之魂,限定真理,1490,限定真理,真理,1499,
6724,麒麟商人,紫皮,67,宿伞之魂,限定真理,0,#N/A,#N/A,,
5915,骑士,蓝皮,59,前锋,其他,0,#N/A,#N/A,,
8926,祈雨珠,金皮,89,杂技演员,其他,0,#N/A,#N/A,,
6331,祈雨之女,紫皮,63,红蝶,其他,0,#N/A,#N/A,,
13109,奇趣美乐蒂,紫皮,131,拉拉队员,其他,0,#N/A,#N/A,,
2321,奇境,蓝皮,23,冒险家,其他,0,#N/A,#N/A,,
1607,漆匠,蓝皮,16,“慈善家”,其他,0,#N/A,#N/A,,
10107,漆,绿皮,101,雕刻家,其他,0,#N/A,#N/A,,
11502,欺惑之燕,金皮,115,哭泣小丑,限定,1200,限定,第20赛季,1088,
3623,七号庭专员,蓝皮,36,舞女,其他,0,#N/A,#N/A,,
3434,七海千秋,紫皮,34,机械师,其他,0,#N/A,#N/A,,
6830,普洱,蓝皮,68,祭司,其他,0,#N/A,#N/A,,
2125,葡萄酒,绿皮,21,魔术师,其他,0,#N/A,#N/A,,
10918,破魔之刃,紫皮,109,渔女,其他,0,#N/A,#N/A,,
10613,迫降专家,紫皮,106,击球手,其他,0,#N/A,#N/A,,
210,平克先生,蓝皮,2,小丑,其他,0,#N/A,#N/A,,
1426,平和黄,绿皮,14,医生,其他,0,#N/A,#N/A,,
310,平凡灰,绿皮,3,幸运儿,其他,0,#N/A,#N/A,,
11607,平等绿,绿皮,116,“记录员”,其他,0,#N/A,#N/A,,
710,片刻闲暇,金皮,7,侦探,限定,0,限定,充值,0,丑
10001008,片刻闲暇,金皮,10001,侦探,限定,0,#N/A,#N/A,,
12808,偏执绿,绿皮,128,歌剧演员,其他,0,#N/A,#N/A,,
12908,偏执绿,绿皮,129,歌剧演员,其他,0,#N/A,#N/A,,
7422,皮塔拉托里,紫皮,74,摄影师,其他,0,#N/A,#N/A,,
11508,炮弹飞船,紫皮,115,哭泣小丑,其他,0,#N/A,#N/A,,
3015,庖厨大师,蓝皮,1,厂长,其他,0,#N/A,#N/A,,
8611,攀蜥,蓝皮,86,孽蜥,其他,0,#N/A,#N/A,,
9424,潘塔龙,紫皮,94,邮差,其他,0,#N/A,#N/A,,
11103,潘多拉,蓝皮,111,“小女孩”,其他,0,#N/A,#N/A,,
8404,潘,蓝皮,84,爱哭鬼,其他,0,#N/A,#N/A,,
6410,徘徊之灵,蓝皮,64,黄衣之主,其他,0,#N/A,#N/A,,
7413,拍卖师,蓝皮,74,摄影师,其他,0,#N/A,#N/A,,
11110,欧律狄刻,金皮,111,“小女孩”,其他,0,#N/A,#N/A,,
3614,女武神,金皮,36,舞女,其他,0,#N/A,#N/A,,
303,女仆装,紫皮,3,幸运儿,其他,0,#N/A,#N/A,,
9117,女高音,紫皮,91,调酒师,其他,0,#N/A,#N/A,,
8524,女大公,紫皮,85,红夫人,其他,0,#N/A,#N/A,,
9513,懦弱者,蓝皮,95,“使徒”,其他,0,#N/A,#N/A,,
228,诺伊斯,蓝皮,2,小丑,其他,0,#N/A,#N/A,,
7918,诺曼,紫皮,79,入殓师,其他,0,#N/A,#N/A,,
6204,暖冬蓝,绿皮,62,盲女,其他,0,#N/A,#N/A,,
11202,怒火,金皮,112,蜡像师,限定,0,限定,第19赛季,0,丑
8805,弄臣,紫皮,88,野人,其他,0,#N/A,#N/A,,
1703,牛仔,蓝皮,17,园丁,其他,0,#N/A,#N/A,,
11104,年岁,紫皮,111,“小女孩”,其他,0,#N/A,#N/A,,
2506,匿踪绿,绿皮,25,佣兵,其他,0,#N/A,#N/A,,
3238,匿名,蓝皮,32,空军,其他,0,#N/A,#N/A,,
8114,逆位审判,紫皮,81,梦之女巫,其他,0,#N/A,#N/A,,
8214,逆位审判,紫皮,82,梦之女巫,其他,0,#N/A,#N/A,,
7314,逆刃之鞭,紫皮,73,牛仔,其他,0,#N/A,#N/A,,
6015,逆刃,蓝皮,60,蜘蛛,其他,0,#N/A,#N/A,,
8521,拟剧论,蓝皮,85,红夫人,其他,0,#N/A,#N/A,,
5932,霓虹先锋,紫皮,59,前锋,其他,0,#N/A,#N/A,,
3225,尼德霍格,金皮,32,空军,其他,0,#N/A,#N/A,,
9321,内线,蓝皮,93,26号守卫,其他,0,#N/A,#N/A,,
3402,内测限定,蓝皮,34,机械师,其他,0,#N/A,#N/A,,
8606,男爵,蓝皮,86,孽蜥,其他,0,#N/A,#N/A,,
9610,奶酪,紫皮,96,守墓人,其他,0,#N/A,#N/A,,
10410,纳西瑟斯,金皮,104,画家,限定,0,限定,第16赛季,0,丑
10010,穆希卡,金皮,100,昆虫学者,限定,470,限定,联动,400,
7412,暮剑,紫皮,74,摄影师,其他,0,#N/A,#N/A,,
7805,暮光红,绿皮,78,先知,其他,0,#N/A,#N/A,,
1433,暮辞朝归,紫皮,14,医生,其他,0,#N/A,#N/A,,
12810,幕外之音,紫皮,128,歌剧演员,其他,0,#N/A,#N/A,,
12910,幕外之音,紫皮,129,歌剧演员,其他,0,#N/A,#N/A,,
9615,墓志铭,紫皮,96,守墓人,其他,0,#N/A,#N/A,,
3416,墓穴向导,蓝皮,34,机械师,其他,0,#N/A,#N/A,,
7803,牧羊人,蓝皮,78,先知,其他,0,#N/A,#N/A,,
6235,牧鹿的少女,蓝皮,62,盲女,其他,0,#N/A,#N/A,,
3004,木偶比利,蓝皮,1,厂长,其他,0,#N/A,#N/A,,
5921,木乃伊先锋,蓝皮,59,前锋,其他,0,#N/A,#N/A,,
218,木乃伊,蓝皮,2,小丑,其他,0,#N/A,#N/A,,
12106,木兰,紫皮,121,古董商,其他,0,#N/A,#N/A,,
12113,墨韵,紫皮,121,古董商,其他,0,#N/A,#N/A,,
11308,墨水蓝,绿皮,113,小说家,其他,0,#N/A,#N/A,,
6029,墨卡托投影,紫皮,60,蜘蛛,其他,0,#N/A,#N/A,,
3430,墨黑,绿皮,34,机械师,其他,0,#N/A,#N/A,,
13602,墨菲斯的门廊,金皮,136,时空之影,限定,330,限定,第32赛季,270,
8316,陌路仙踪,金皮,83,咒术师,限定,1000,限定,第14赛季,1100,
9519,末世信仰,蓝皮,95,“使徒”,其他,0,#N/A,#N/A,,
11017,末世搜救,紫皮,110,“心理学家”,其他,0,#N/A,#N/A,,
6211,末路假期,蓝皮,62,盲女,其他,0,#N/A,#N/A,,
1506,抹茶绿,绿皮,15,律师,其他,0,#N/A,#N/A,,
9812,魔音回响,紫皮,98,小提琴家,其他,0,#N/A,#N/A,,
7215,魔药师,蓝皮,72,调香师,其他,0,#N/A,#N/A,,
8702,魔物管理人,蓝皮,87,勘探员,其他,0,#N/A,#N/A,,
6219,魔法学员,蓝皮,62,盲女,其他,0,#N/A,#N/A,,
8426,摩诺,紫皮,84,爱哭鬼,其他,0,#N/A,#N/A,,
7233,摩涅莫绪涅之梦,虚妄,72,调香师,其他,0,#N/A,#N/A,,
7238,摩涅莫绪涅之梦,虚妄,72,调香师,其他,0,#N/A,#N/A,,
6817,摩根勒菲,金皮,68,祭司,其他,0,#N/A,#N/A,,
1432,模范生,蓝皮,14,医生,其他,0,#N/A,#N/A,,
3427,冥想蓝,绿皮,34,机械师,其他,0,#N/A,#N/A,,
6326,茗荷,蓝皮,63,红蝶,其他,0,#N/A,#N/A,,
9005,明智吾郎,金皮,90,大副,限定,160,限定,联动,150,
2507,明焰红,绿皮,25,佣兵,其他,0,#N/A,#N/A,,
6809,明日之辉,金皮,68,祭司,限定,650,限定,第02赛季,500,
7806,明日先知,蓝皮,78,先知,其他,0,#N/A,#N/A,,
6849,名誉首席,金皮,68,祭司,限定,295,限定,第23赛季,270,
9816,民谣乐手,金皮,98,小提琴家,其他,0,#N/A,#N/A,,
11312,民俗作家,蓝皮,113,小说家,其他,0,#N/A,#N/A,,
312,苗木诚,紫皮,3,幸运儿,其他,0,#N/A,#N/A,,
10916,棉絮,蓝皮,109,渔女,其他,0,#N/A,#N/A,,
8416,棉花糖,蓝皮,84,爱哭鬼,其他,0,#N/A,#N/A,,
3012,密语者,蓝皮,1,厂长,其他,0,#N/A,#N/A,,
2133,秘访的观众,蓝皮,21,魔术师,其他,0,#N/A,#N/A,,
7219,谜题,蓝皮,72,调香师,其他,0,#N/A,#N/A,,
12007,迷雾棕,绿皮,117,“噩梦”,其他,0,#N/A,#N/A,,
8724,迷途诗人,紫皮,87,勘探员,其他,0,#N/A,#N/A,,
3226,迷途枪手,蓝皮,32,空军,其他,0,#N/A,#N/A,,
1521,迷途的水手,蓝皮,15,律师,其他,0,#N/A,#N/A,,
9003,迷途的水手,蓝皮,90,大副,其他,0,#N/A,#N/A,,
9419,迷途的拉亚,蓝皮,94,邮差,其他,0,#N/A,#N/A,,
6837,迷失之皮,蓝皮,68,祭司,其他,0,#N/A,#N/A,,
2310,迷航,蓝皮,23,冒险家,其他,0,#N/A,#N/A,,
3415,迷宫领队,蓝皮,34,机械师,其他,0,#N/A,#N/A,,
10906,迷迭香,紫皮,109,渔女,其他,0,#N/A,#N/A,,
6003,迷彩衣,绿皮,60,蜘蛛,其他,0,#N/A,#N/A,,
3219,迷彩,蓝皮,32,空军,其他,0,#N/A,#N/A,,
3436,弥海砂,紫皮,34,机械师,其他,0,#N/A,#N/A,,
3617,梦中人,蓝皮,36,舞女,其他,0,#N/A,#N/A,,
6323,梦中人,蓝皮,63,红蝶,其他,0,#N/A,#N/A,,
7911,梦中人,蓝皮,79,入殓师,其他,0,#N/A,#N/A,,
8308,梦中人,蓝皮,83,咒术师,其他,0,#N/A,#N/A,,
6821,梦之使者,紫皮,68,祭司,其他,0,#N/A,#N/A,,
6028,梦之壳,蓝皮,60,蜘蛛,其他,0,#N/A,#N/A,,
7429,梦境大耳狗,紫皮,74,摄影师,其他,0,#N/A,#N/A,,
9815,梦幻曲,蓝皮,98,小提琴家,其他,0,#N/A,#N/A,,
10607,蒙尘,绿皮,106,击球手,其他,0,#N/A,#N/A,,
1904,魅影,蓝皮,19,鹿头,其他,0,#N/A,#N/A,,
2121,魅力紫,绿皮,21,魔术师,其他,0,#N/A,#N/A,,
12807,魅惑红,绿皮,128,歌剧演员,其他,0,#N/A,#N/A,,
12907,魅惑红,绿皮,129,歌剧演员,其他,0,#N/A,#N/A,,
5926,美团外卖,蓝皮,59,前锋,其他,0,#N/A,#N/A,,
14304,美梦的灰烬,蓝皮,143,“喧嚣”,其他,0,#N/A,#N/A,,
1909,梅鹿之灾,蓝皮,19,鹿头,其他,0,#N/A,#N/A,,
2113,梅林,紫皮,21,魔术师,其他,0,#N/A,#N/A,,
6317,梅姬,蓝皮,63,红蝶,其他,0,#N/A,#N/A,,
106,玫瑰爵,绿皮,30,“杰克”,其他,0,#N/A,#N/A,,
1524,毛利小五郎,紫皮,15,律师,其他,0,#N/A,#N/A,,
1528,毛利小五郎,紫皮,15,律师,其他,0,#N/A,#N/A,,
3230,毛利兰,紫皮,32,空军,其他,0,#N/A,#N/A,,
3235,毛利兰,紫皮,32,空军,其他,0,#N/A,#N/A,,
9508,猫像,蓝皮,95,“使徒”,其他,0,#N/A,#N/A,,
10216,盲老鼠,蓝皮,102,破轮,其他,0,#N/A,#N/A,,
10316,盲老鼠,蓝皮,103,破轮,其他,0,#N/A,#N/A,,
10804,盲从,蓝皮,108,病患,其他,0,#N/A,#N/A,,
7424,慢滑种子,蓝皮,74,摄影师,其他,0,#N/A,#N/A,,
8112,蔓枝,蓝皮,81,梦之女巫,其他,0,#N/A,#N/A,,
8212,蔓枝,蓝皮,82,梦之女巫,其他,0,#N/A,#N/A,,
10013,曼陀罗,紫皮,100,昆虫学者,其他,0,#N/A,#N/A,,
5916,蛮牛之力,紫皮,59,前锋,其他,0,#N/A,#N/A,,
10505,脉搏,绿皮,105,“博士”,其他,0,#N/A,#N/A,,
7406,麦克白,蓝皮,74,摄影师,其他,0,#N/A,#N/A,,
8709,麦当劳,蓝皮,87,勘探员,其他,0,#N/A,#N/A,,
8725,蚂蚁,蓝皮,87,勘探员,其他,0,#N/A,#N/A,,
9019,码头商,蓝皮,90,大副,其他,0,#N/A,#N/A,,
6236,玛利亚公理,金皮,62,盲女,其他,0,#N/A,#N/A,,
10805,玛吉努,紫皮,108,病患,其他,0,#N/A,#N/A,,
7924,马鞭草花,蓝皮,79,入殓师,其他,0,#N/A,#N/A,,
8913,麻雀,蓝皮,89,杂技演员,其他,0,#N/A,#N/A,,
7827,绿洲诗人,蓝皮,78,先知,其他,0,#N/A,#N/A,,
9806,绿之声,绿皮,98,小提琴家,其他,0,#N/A,#N/A,,
8906,绿叶红,绿皮,89,杂技演员,其他,0,#N/A,#N/A,,
104,绿纹大触,紫皮,30,“杰克”,其他,0,#N/A,#N/A,,
1512,绿蛙之梦,蓝皮,15,律师,其他,0,#N/A,#N/A,,
6304,绿裳,绿皮,63,红蝶,其他,0,#N/A,#N/A,,
9704,绿面包,绿皮,97,“囚徒”,其他,0,#N/A,#N/A,,
203,绿帽,绿皮,2,小丑,其他,0,#N/A,#N/A,,
6307,绿孔雀,紫皮,63,红蝶,其他,0,#N/A,#N/A,,
1605,绿翡翠,绿皮,16,“慈善家”,其他,0,#N/A,#N/A,,
1534,律师旧装,紫皮,15,律师,其他,0,#N/A,#N/A,,
7405,落霞,绿皮,74,摄影师,其他,0,#N/A,#N/A,,
8508,落日黄,绿皮,85,红夫人,其他,0,#N/A,#N/A,,
2318,落魄指挥家,蓝皮,23,冒险家,其他,0,#N/A,#N/A,,
7908,罗夏医师,蓝皮,79,入殓师,其他,0,#N/A,#N/A,,
6327,罗生门,紫皮,63,红蝶,其他,0,#N/A,#N/A,,
1719,罗刹绯春,紫皮,17,园丁,其他,0,#N/A,#N/A,,
9422,罗森时光,蓝皮,94,邮差,其他,0,#N/A,#N/A,,
10719,罗森伙伴,蓝皮,107,玩具商,其他,0,#N/A,#N/A,,
8921,罗森店长,蓝皮,89,杂技演员,其他,0,#N/A,#N/A,,
8717,罗纳德,紫皮,87,勘探员,其他,0,#N/A,#N/A,,
9008,罗勒,紫皮,90,大副,其他,0,#N/A,#N/A,,
10109,轮椅车手,蓝皮,101,雕刻家,其他,0,#N/A,#N/A,,
10120,露琪亚的亡魂,蓝皮,101,雕刻家,其他,0,#N/A,#N/A,,
5910,鲁莽的年轻人,蓝皮,59,前锋,其他,0,#N/A,#N/A,,
9322,炉膛,蓝皮,93,26号守卫,其他,0,#N/A,#N/A,,
7203,笼中之蝶,紫皮,72,调香师,其他,0,#N/A,#N/A,,
2126,龙芽,蓝皮,21,魔术师,其他,0,#N/A,#N/A,,
7209,龙舌兰,蓝皮,72,调香师,其他,0,#N/A,#N/A,,
9312,六号庭专员,蓝皮,93,26号守卫,其他,0,#N/A,#N/A,,
1919,镏金铜鹿,紫皮,19,鹿头,其他,0,#N/A,#N/A,,
9115,硫酸,蓝皮,91,调酒师,其他,0,#N/A,#N/A,,
6339,硫火,紫皮,63,红蝶,其他,0,#N/A,#N/A,,
14004,硫化,蓝皮,140,“跛脚羊”,其他,0,#N/A,#N/A,,
10712,琉璃蓝,绿皮,107,玩具商,其他,0,#N/A,#N/A,,
8616,流愚,金皮,86,孽蜥,限定,0,#N/A,#N/A,,
1421,流萤,金皮,14,医生,其他,0,#N/A,#N/A,,
13303,流纹,蓝皮,133,“愚人金”,其他,0,#N/A,#N/A,,
8427,流民遗孤,蓝皮,84,爱哭鬼,其他,0,#N/A,#N/A,,
3638,流离的月光,紫皮,36,舞女,其他,0,#N/A,#N/A,,
10409,流浪者,蓝皮,104,画家,其他,0,#N/A,#N/A,,
8710,流浪者,蓝皮,87,勘探员,其他,0,#N/A,#N/A,,
7317,流浪火枪手,蓝皮,73,牛仔,其他,0,#N/A,#N/A,,
9113,留声机,蓝皮,91,调酒师,其他,0,#N/A,#N/A,,
1436,留候,蓝皮,14,医生,其他,0,#N/A,#N/A,,
1407,另一面,绿皮,14,医生,其他,0,#N/A,#N/A,,
1515,另一面,绿皮,15,律师,其他,0,#N/A,#N/A,,
1618,另一面,绿皮,16,“慈善家”,其他,0,#N/A,#N/A,,
1708,另一面,绿皮,17,园丁,其他,0,#N/A,#N/A,,
2127,另一面,绿皮,21,魔术师,其他,0,#N/A,#N/A,,
2327,另一面,绿皮,23,冒险家,其他,0,#N/A,#N/A,,
2539,另一面,绿皮,25,佣兵,其他,0,#N/A,#N/A,,
5925,另一面,绿皮,59,前锋,其他,0,#N/A,#N/A,,
1613,领头羊,紫皮,16,“慈善家”,其他,0,#N/A,#N/A,,
8812,零件拍档,紫皮,88,野人,其他,0,#N/A,#N/A,,
6818,羚羊之跃,蓝皮,68,祭司,其他,0,#N/A,#N/A,,
10610,凌霄花,蓝皮,106,击球手,其他,0,#N/A,#N/A,,
7245,铃兰香氛,蓝皮,72,调香师,其他,0,#N/A,#N/A,,
9718,灵犀妙探,金皮,97,“囚徒”,其他,0,#N/A,#N/A,,
11513,灵蛇,紫皮,115,哭泣小丑,其他,0,#N/A,#N/A,,
8119,灵柩守护者,蓝皮,81,梦之女巫,其他,0,#N/A,#N/A,,
8219,灵柩守护者,蓝皮,82,梦之女巫,其他,0,#N/A,#N/A,,
13902,灵狐,金皮,139,火灾调查员,限定,480,限定,第32赛季,400,
3405,灵动黄,绿皮,34,机械师,其他,0,#N/A,#N/A,,
12206,鳞片绿,绿皮,122,教授,其他,0,#N/A,#N/A,,
8621,鳞片,蓝皮,86,孽蜥,其他,0,#N/A,#N/A,,
12708,磷灰,蓝皮,127,隐士,其他,0,#N/A,#N/A,,
11206,淋浴,紫皮,112,蜡像师,其他,0,#N/A,#N/A,,
6315,林中影,蓝皮,63,红蝶,其他,0,#N/A,#N/A,,
130,林中骑士,紫皮,30,“杰克”,其他,0,#N/A,#N/A,,
1911,林间狩者,紫皮,19,鹿头,其他,0,#N/A,#N/A,,
11307,林场绿,绿皮,113,小说家,其他,0,#N/A,#N/A,,
13503,猎物的印记,金皮,135,“法罗女士”,限定,850,限定,第33赛季,550,
2519,猎犬,蓝皮,25,佣兵,其他,0,#N/A,#N/A,,
11403,猎龙者,金皮,114,作曲家,限定,406,限定,第25赛季,309,
1511,烈酒师,蓝皮,15,律师,其他,0,#N/A,#N/A,,
9103,烈酒,蓝皮,91,调酒师,其他,0,#N/A,#N/A,,
9608,列车长,紫皮,96,守墓人,其他,0,#N/A,#N/A,,
226,列车司机,蓝皮,2,小丑,其他,0,#N/A,#N/A,,
3022,列奥尼达,蓝皮,1,厂长,其他,0,#N/A,#N/A,,
107,亮铜爵,绿皮,30,“杰克”,其他,0,#N/A,#N/A,,
9802,炼狱奏曲,金皮,98,小提琴家,限定,0,限定,第12赛季,0,丑
125,利爪,蓝皮,30,“杰克”,其他,0,#N/A,#N/A,,
7815,历战猎人,紫皮,78,先知,其他,0,#N/A,#N/A,,
12304,理想红,绿皮,123,飞行家,其他,0,#N/A,#N/A,,
103,理发师,蓝皮,30,“杰克”,其他,0,#N/A,#N/A,,
116,冷面大副,蓝皮,30,“杰克”,其他,0,#N/A,#N/A,,
9711,雷,紫皮,97,“囚徒”,其他,0,#N/A,#N/A,,
2541,乐园巡游,蓝皮,25,佣兵,其他,0,#N/A,#N/A,,
3612,乐谱,蓝皮,36,舞女,其他,0,#N/A,#N/A,,
8519,莨菪之靥,蓝皮,85,红夫人,其他,0,#N/A,#N/A,,
3228,澜沧,蓝皮,32,空军,其他,0,#N/A,#N/A,,
9603,蓝雨夜,绿皮,96,守墓人,其他,0,#N/A,#N/A,,
9107,蓝香橙,绿皮,91,调酒师,其他,0,#N/A,#N/A,,
8011,蓝松石,绿皮,80,疯眼,其他,0,#N/A,#N/A,,
8312,蓝水母,绿皮,83,咒术师,其他,0,#N/A,#N/A,,
2510,蓝鲨老兵,蓝皮,25,佣兵,其他,0,#N/A,#N/A,,
3007,蓝领,绿皮,1,厂长,其他,0,#N/A,#N/A,,
9805,蓝金调,绿皮,98,小提琴家,其他,0,#N/A,#N/A,,
1609,蓝胡子,蓝皮,16,“慈善家”,其他,0,#N/A,#N/A,,
205,蓝怪,绿皮,2,小丑,其他,0,#N/A,#N/A,,
7205,蓝风铃,绿皮,72,调香师,其他,0,#N/A,#N/A,,
8608,蓝矾,绿皮,86,孽蜥,其他,0,#N/A,#N/A,,
2103,蓝调阿拉丁,紫皮,21,魔术师,其他,0,#N/A,#N/A,,
3603,蓝调,绿皮,36,舞女,其他,0,#N/A,#N/A,,
1514,兰斯洛特,紫皮,15,律师,其他,0,#N/A,#N/A,,
1716,兰闺惊梦,紫皮,17,园丁,其他,0,#N/A,#N/A,,
11005,莱拉,紫皮,110,“心理学家”,其他,0,#N/A,#N/A,,
7318,蜡烛人,紫皮,73,牛仔,其他,0,#N/A,#N/A,,
11205,蜡像馆主,蓝皮,112,蜡像师,其他,0,#N/A,#N/A,,
11208,蜡染黄,绿皮,112,蜡像师,其他,0,#N/A,#N/A,,
316,拉塔托斯克,金皮,3,幸运儿,其他,0,#N/A,#N/A,,
10124,傀儡工匠,蓝皮,101,雕刻家,其他,0,#N/A,#N/A,,
8907,傀儡,蓝皮,89,杂技演员,其他,0,#N/A,#N/A,,
9702,蝰,金皮,97,“囚徒”,限定,1250,限定,第11赛季,1222,
6023,窥伺之心,紫皮,60,蜘蛛,其他,0,#N/A,#N/A,,
8727,矿业董事,紫皮,87,勘探员,其他,0,#N/A,#N/A,,
8417,狂热观众,蓝皮,84,爱哭鬼,其他,0,#N/A,#N/A,,
1742,狂欢引导员,蓝皮,17,园丁,其他,0,#N/A,#N/A,,
8916,狂欢,蓝皮,89,杂技演员,其他,0,#N/A,#N/A,,
9017,款冬,蓝皮,90,大副,其他,0,#N/A,#N/A,,
9013,快步,蓝皮,90,大副,其他,0,#N/A,#N/A,,
119,快爆公爵,绿皮,30,“杰克”,其他,0,#N/A,#N/A,,
9503,苦艾,蓝皮,95,“使徒”,其他,0,#N/A,#N/A,,
10008,枯叶蝶,绿皮,100,昆虫学者,其他,0,#N/A,#N/A,,
9803,枯荣之音,蓝皮,98,小提琴家,其他,0,#N/A,#N/A,,
6409,枯木棕,绿皮,64,黄衣之主,其他,0,#N/A,#N/A,,
7311,枯草黄,绿皮,73,牛仔,其他,0,#N/A,#N/A,,
6831,孔雀舞,蓝皮,68,祭司,其他,0,#N/A,#N/A,,
10017,箜篌,金皮,100,昆虫学者,限定,923,限定,第29赛季,660,
11303,空,金皮,113,小说家,限定,780,限定,第20赛季,700,
9126,客舱配给,蓝皮,91,调酒师,其他,0,#N/A,#N/A,,
1914,刻律涅之伤,紫皮,19,鹿头,其他,0,#N/A,#N/A,,
10118,刻骨人,蓝皮,101,雕刻家,其他,0,#N/A,#N/A,,
3441,刻度修正,紫皮,34,机械师,其他,0,#N/A,#N/A,,
3621,克罗托,金皮,36,舞女,限定,3000,限定,第17赛季,2600,
6227,克利俄,蓝皮,62,盲女,其他,0,#N/A,#N/A,,
6421,克朗普斯,紫皮,64,黄衣之主,其他,0,#N/A,#N/A,,
10122,克拉拉,紫皮,101,雕刻家,其他,0,#N/A,#N/A,,
10012,可妮兔,紫皮,100,昆虫学者,其他,0,#N/A,#N/A,,
8910,可可豆,紫皮,89,杂技演员,其他,0,#N/A,#N/A,,
3408,可爱粉,绿皮,34,机械师,其他,0,#N/A,#N/A,,
2303,科研员,蓝皮,23,冒险家,其他,0,#N/A,#N/A,,
8516,烤箱,蓝皮,85,红夫人,其他,0,#N/A,#N/A,,
2314,考古教授,紫皮,23,冒险家,其他,0,#N/A,#N/A,,
3240,凯瑟琳·沃德,紫皮,32,空军,其他,0,#N/A,#N/A,,
108,咖啡爵,绿皮,30,“杰克”,其他,0,#N/A,#N/A,,
1709,咖啡豆,绿皮,17,园丁,其他,0,#N/A,#N/A,,
11609,菌丝专著,蓝皮,116,“记录员”,其他,0,#N/A,#N/A,,
12107,菌丝研究,紫皮,121,古董商,其他,0,#N/A,#N/A,,
9811,军乐队,蓝皮,98,小提琴家,其他,0,#N/A,#N/A,,
313,决胜日,蓝皮,3,幸运儿,其他,0,#N/A,#N/A,,
6030,聚光灯下,紫皮,60,蜘蛛,其他,0,#N/A,#N/A,,
8406,巨力男孩,蓝皮,84,爱哭鬼,其他,0,#N/A,#N/A,,
227,焗炉,紫皮,2,小丑,其他,0,#N/A,#N/A,,
10003,旧装,绿皮,100,昆虫学者,其他,0,#N/A,#N/A,,
10108,旧装,绿皮,101,雕刻家,其他,0,#N/A,#N/A,,
10204,旧装,绿皮,102,破轮,其他,0,#N/A,#N/A,,
10304,旧装,绿皮,103,破轮,其他,0,#N/A,#N/A,,
10407,旧装,绿皮,104,画家,其他,0,#N/A,#N/A,,
10506,旧装,绿皮,105,“博士”,其他,0,#N/A,#N/A,,
10603,旧装,绿皮,106,击球手,其他,0,#N/A,#N/A,,
10703,旧装,绿皮,107,玩具商,其他,0,#N/A,#N/A,,
10803,旧装,绿皮,108,病患,其他,0,#N/A,#N/A,,
10903,旧装,绿皮,109,渔女,其他,0,#N/A,#N/A,,
11003,旧装,绿皮,110,“心理学家”,其他,0,#N/A,#N/A,,
11114,旧装,绿皮,111,“小女孩”,其他,0,#N/A,#N/A,,
11203,旧装,绿皮,112,蜡像师,其他,0,#N/A,#N/A,,
11316,旧装,绿皮,113,小说家,其他,0,#N/A,#N/A,,
11402,旧装,绿皮,114,作曲家,其他,0,#N/A,#N/A,,
11510,旧装,绿皮,115,哭泣小丑,其他,0,#N/A,#N/A,,
11603,旧装,绿皮,116,“记录员”,其他,0,#N/A,#N/A,,
117,旧装,绿皮,30,“杰克”,其他,0,#N/A,#N/A,,
12010,旧装,绿皮,117,“噩梦”,其他,0,#N/A,#N/A,,
12102,旧装,绿皮,121,古董商,其他,0,#N/A,#N/A,,
12204,旧装,绿皮,122,教授,其他,0,#N/A,#N/A,,
12302,旧装,绿皮,123,飞行家,其他,0,#N/A,#N/A,,
12403,旧装,绿皮,124,记者,其他,0,#N/A,#N/A,,
12604,旧装,绿皮,126,守夜人,其他,0,#N/A,#N/A,,
12703,旧装,绿皮,127,隐士,其他,0,#N/A,#N/A,,
12804,旧装,绿皮,128,歌剧演员,其他,0,#N/A,#N/A,,
12904,旧装,绿皮,129,歌剧演员,其他,0,#N/A,#N/A,,
13102,旧装,绿皮,131,拉拉队员,其他,0,#N/A,#N/A,,
13304,旧装,绿皮,133,“愚人金”,其他,0,#N/A,#N/A,,
13402,旧装,绿皮,134,木偶师,其他,0,#N/A,#N/A,,
13502,旧装,绿皮,135,“法罗女士”,其他,0,#N/A,#N/A,,
13603,旧装,绿皮,136,时空之影,其他,0,#N/A,#N/A,,
13904,旧装,绿皮,139,火灾调查员,其他,0,#N/A,#N/A,,
14003,旧装,绿皮,140,“跛脚羊”,其他,0,#N/A,#N/A,,
1402,旧装,绿皮,14,医生,其他,0,#N/A,#N/A,,
14103,旧装,绿皮,141,“骑士”,其他,0,#N/A,#N/A,,
14302,旧装,绿皮,143,“喧嚣”,其他,0,#N/A,#N/A,,
1502,旧装,绿皮,15,律师,其他,0,#N/A,#N/A,,
1602,旧装,绿皮,16,“慈善家”,其他,0,#N/A,#N/A,,
1702,旧装,绿皮,17,园丁,其他,0,#N/A,#N/A,,
1902,旧装,绿皮,19,鹿头,其他,0,#N/A,#N/A,,
2102,旧装,绿皮,21,魔术师,其他,0,#N/A,#N/A,,
212,旧装,绿皮,2,小丑,其他,0,#N/A,#N/A,,
2302,旧装,绿皮,23,冒险家,其他,0,#N/A,#N/A,,
2502,旧装,绿皮,25,佣兵,其他,0,#N/A,#N/A,,
2702,旧装,绿皮,27,厂长,其他,0,#N/A,#N/A,,
2802,旧装,绿皮,28,厂长,其他,0,#N/A,#N/A,,
2902,旧装,绿皮,29,厂长,其他,0,#N/A,#N/A,,
3005,旧装,绿皮,1,厂长,其他,0,#N/A,#N/A,,
318,旧装,绿皮,3,幸运儿,其他,0,#N/A,#N/A,,
3214,旧装,绿皮,32,空军,其他,0,#N/A,#N/A,,
3412,旧装,绿皮,34,机械师,其他,0,#N/A,#N/A,,
3602,旧装,绿皮,36,舞女,其他,0,#N/A,#N/A,,
5902,旧装,绿皮,59,前锋,其他,0,#N/A,#N/A,,
6011,旧装,绿皮,60,蜘蛛,其他,0,#N/A,#N/A,,
6215,旧装,绿皮,62,盲女,其他,0,#N/A,#N/A,,
6320,旧装,绿皮,63,红蝶,其他,0,#N/A,#N/A,,
6413,旧装,绿皮,64,黄衣之主,其他,0,#N/A,#N/A,,
6608,旧装,绿皮,66,宿伞之魂,其他,0,#N/A,#N/A,,
6708,旧装,绿皮,67,宿伞之魂,其他,0,#N/A,#N/A,,
6802,旧装,绿皮,68,祭司,其他,0,#N/A,#N/A,,
7212,旧装,绿皮,72,调香师,其他,0,#N/A,#N/A,,
7310,旧装,绿皮,73,牛仔,其他,0,#N/A,#N/A,,
7408,旧装,绿皮,74,摄影师,其他,0,#N/A,#N/A,,
7808,旧装,绿皮,78,先知,其他,0,#N/A,#N/A,,
7836,旧装,蓝皮,78,先知,其他,0,#N/A,#N/A,,
7906,旧装,绿皮,79,入殓师,其他,0,#N/A,#N/A,,
8007,旧装,绿皮,80,疯眼,其他,0,#N/A,#N/A,,
8106,旧装,绿皮,81,梦之女巫,其他,0,#N/A,#N/A,,
8206,旧装,绿皮,82,梦之女巫,其他,0,#N/A,#N/A,,
8306,旧装,绿皮,83,咒术师,其他,0,#N/A,#N/A,,
8409,旧装,绿皮,84,爱哭鬼,其他,0,#N/A,#N/A,,
8512,旧装,绿皮,85,红夫人,其他,0,#N/A,#N/A,,
8612,旧装,绿皮,86,孽蜥,其他,0,#N/A,#N/A,,
8708,旧装,绿皮,87,勘探员,其他,0,#N/A,#N/A,,
8806,旧装,绿皮,88,野人,其他,0,#N/A,#N/A,,
8908,旧装,绿皮,89,杂技演员,其他,0,#N/A,#N/A,,
9007,旧装,绿皮,90,大副,其他,0,#N/A,#N/A,,
9109,旧装,绿皮,91,调酒师,其他,0,#N/A,#N/A,,
9310,旧装,绿皮,93,26号守卫,其他,0,#N/A,#N/A,,
9405,旧装,绿皮,94,邮差,其他,0,#N/A,#N/A,,
9509,旧装,绿皮,95,“使徒”,其他,0,#N/A,#N/A,,
9607,旧装,绿皮,96,守墓人,其他,0,#N/A,#N/A,,
9709,旧装,绿皮,97,“囚徒”,其他,0,#N/A,#N/A,,
9808,旧装,绿皮,98,小提琴家,其他,0,#N/A,#N/A,,
11009,旧页褐,绿皮,110,“心理学家”,其他,0,#N/A,#N/A,,
10807,旧墙褐,绿皮,108,病患,其他,0,#N/A,#N/A,,
10704,酒侍,蓝皮,107,玩具商,其他,0,#N/A,#N/A,,
10208,酒神信徒,蓝皮,102,破轮,其他,0,#N/A,#N/A,,
10308,酒神信徒,蓝皮,103,破轮,其他,0,#N/A,#N/A,,
1404,酒红深,绿皮,14,医生,其他,0,#N/A,#N/A,,
9111,酒吧佳酿,蓝皮,91,调酒师,其他,0,#N/A,#N/A,,
3446,九月,紫皮,34,机械师,其他,0,#N/A,#N/A,,
8505,镜中夫人,蓝皮,85,红夫人,其他,0,#N/A,#N/A,,
10902,静默之戟,金皮,109,渔女,限定,3999,限定,第17赛季,4500,
6813,静谧黑,绿皮,68,祭司,其他,0,#N/A,#N/A,,
11207,静脉绿,绿皮,112,蜡像师,其他,0,#N/A,#N/A,,
9409,警长,蓝皮,94,邮差,其他,0,#N/A,#N/A,,
2313,警醒的龟先生,紫皮,23,冒险家,其他,0,#N/A,#N/A,,
225,精致的笑容,金皮,2,小丑,限定,0,限定,充值,0,丑
1532,精算师,蓝皮,15,律师,其他,0,#N/A,#N/A,,
6839,惊鸿,金皮,68,祭司,限定,688,春节限定,春节,550,
6609,荆卫,蓝皮,66,宿伞之魂,其他,0,#N/A,#N/A,,
6709,荆卫,蓝皮,67,宿伞之魂,其他,0,#N/A,#N/A,,
11317,经院学者,蓝皮,113,小说家,其他,0,#N/A,#N/A,,
9516,禁塔,蓝皮,95,“使徒”,其他,0,#N/A,#N/A,,
219,禁林看守,蓝皮,2,小丑,其他,0,#N/A,#N/A,,
220,禁地护卫,蓝皮,2,小丑,其他,0,#N/A,#N/A,,
8008,禁闭院长,紫皮,80,疯眼,其他,0,#N/A,#N/A,,
3439,锦中鳞,紫皮,34,机械师,其他,0,#N/A,#N/A,,
6309,锦鲤,蓝皮,63,红蝶,其他,0,#N/A,#N/A,,
8704,堇青石,绿皮,87,勘探员,其他,0,#N/A,#N/A,,
12211,紧急运输,紫皮,122,教授,其他,0,#N/A,#N/A,,
5907,金靴,紫皮,59,前锋,其他,0,#N/A,#N/A,,
110,金纹大触,金皮,30,“杰克”,其他,0,#N/A,#N/A,,
1704,金秋黄,绿皮,17,园丁,其他,0,#N/A,#N/A,,
8018,金钱树,蓝皮,80,疯眼,其他,0,#N/A,#N/A,,
1908,金匠,金皮,19,鹿头,限定,480,限定,第01赛季,377,
131,金剪刀,蓝皮,30,“杰克”,其他,0,#N/A,#N/A,,
6005,金红帛,绿皮,60,蜘蛛,其他,0,#N/A,#N/A,,
3626,金斑蝶,蓝皮,36,舞女,其他,0,#N/A,#N/A,,
3618,金,紫皮,36,舞女,其他,0,#N/A,#N/A,,
7217,今夜不再,金皮,72,调香师,其他,0,#N/A,#N/A,,
7830,芥川龙之介,金皮,78,先知,限定,600,限定,联动,600,
1422,解药,蓝皮,14,医生,其他,0,#N/A,#N/A,,
8713,解谜者,蓝皮,87,勘探员,其他,0,#N/A,#N/A,,
7809,解厄,蓝皮,78,先知,其他,0,#N/A,#N/A,,
8602,结晶体,金皮,86,孽蜥,限定,1818,限定,第07赛季,1399,
10710,秸秆绿,绿皮,107,玩具商,其他,0,#N/A,#N/A,,
6828,接线员,蓝皮,68,祭司,其他,0,#N/A,#N/A,,
12603,阶下囚,蓝皮,126,守夜人,其他,0,#N/A,#N/A,,
7315,教鞭,紫皮,73,牛仔,其他,0,#N/A,#N/A,,
8920,狡,紫皮,89,杂技演员,其他,0,#N/A,#N/A,,
10904,礁中歌女,蓝皮,109,渔女,其他,0,#N/A,#N/A,,
10503,焦土,绿皮,105,“博士”,其他,0,#N/A,#N/A,,
3629,焦点效应,蓝皮,36,舞女,其他,0,#N/A,#N/A,,
8313,骄阳,绿皮,83,咒术师,其他,0,#N/A,#N/A,,
10205,交通旗,蓝皮,102,破轮,其他,0,#N/A,#N/A,,
10305,交通旗,蓝皮,103,破轮,其他,0,#N/A,#N/A,,
9505,绛月红,绿皮,95,“使徒”,其他,0,#N/A,#N/A,,
7306,绛墨紫,绿皮,73,牛仔,其他,0,#N/A,#N/A,,
9112,江之岛盾子,紫皮,91,调酒师,其他,0,#N/A,#N/A,,
10414,江户川乱步,紫皮,104,画家,其他,0,#N/A,#N/A,,
703,江户川柯南,金皮,7,侦探,限定,666,限定,联动,528,
10001003,江户川柯南,金皮,10001,侦探,限定,0,#N/A,#N/A,,
10001005,江户川柯南,金皮,10001,侦探,限定,0,#N/A,#N/A,,
707,江户川柯南,金皮,7,侦探,限定,0,#N/A,#N/A,,
6614,箭竹,紫皮,66,宿伞之魂,其他,0,#N/A,#N/A,,
6714,箭竹,紫皮,67,宿伞之魂,其他,0,#N/A,#N/A,,
8514,鉴赏家,蓝皮,85,红夫人,其他,0,#N/A,#N/A,,
12414,见习编辑,蓝皮,124,记者,其他,0,#N/A,#N/A,,
127,剪刀手爱德华,紫皮,30,“杰克”,其他,0,#N/A,#N/A,,
12306,缄默棕,绿皮,123,飞行家,其他,0,#N/A,#N/A,,
8310,缄默者,紫皮,83,咒术师,其他,0,#N/A,#N/A,,
12410,坚韧棕,绿皮,124,记者,其他,0,#N/A,#N/A,,
11212,尖刻的评论家,蓝皮,112,蜡像师,其他,0,#N/A,#N/A,,
12406,尖晶,蓝皮,124,记者,其他,0,#N/A,#N/A,,
3028,驾驶舱,蓝皮,1,厂长,其他,0,#N/A,#N/A,,
2124,假象大师,蓝皮,21,魔术师,其他,0,#N/A,#N/A,,
7919,嘉宾,蓝皮,79,入殓师,其他,0,#N/A,#N/A,,
9621,家园设计师,紫皮,96,守墓人,其他,0,#N/A,#N/A,,
6419,寄生之面,紫皮,64,黄衣之主,其他,0,#N/A,#N/A,,
2508,寄生,紫皮,25,佣兵,其他,0,#N/A,#N/A,,
3610,寄情,蓝皮,36,舞女,其他,0,#N/A,#N/A,,
12706,技术顾问,蓝皮,127,隐士,其他,0,#N/A,#N/A,,
12413,纪实写真,蓝皮,124,记者,其他,0,#N/A,#N/A,,
7928,记忆之骑,紫皮,79,入殓师,其他,0,#N/A,#N/A,,
1518,记录员,蓝皮,15,律师,其他,0,#N/A,#N/A,,
13903,计划书,蓝皮,139,火灾调查员,其他,0,#N/A,#N/A,,
10921,疾速标枪,蓝皮,109,渔女,其他,0,#N/A,#N/A,,
10605,疾拂,绿皮,106,击球手,其他,0,#N/A,#N/A,,
6225,吉尔达,紫皮,62,盲女,其他,0,#N/A,#N/A,,
9320,机械售票员,蓝皮,93,26号守卫,其他,0,#N/A,#N/A,,
319,机构齿轮,蓝皮,3,幸运儿,其他,0,#N/A,#N/A,,
13305,火药橙,绿皮,133,“愚人金”,其他,0,#N/A,#N/A,,
10019,火山旅人,蓝皮,100,昆虫学者,其他,0,#N/A,#N/A,,
2536,火炮手,紫皮,25,佣兵,其他,0,#N/A,#N/A,,
5929,火车头,金皮,59,前锋,其他,0,#N/A,#N/A,,
13105,活力黄,绿皮,131,拉拉队员,其他,0,#N/A,#N/A,,
3224,活动主持,蓝皮,32,空军,其他,0,#N/A,#N/A,,
2110,婚礼司仪,蓝皮,21,魔术师,其他,0,#N/A,#N/A,,
10404,绘蓝,绿皮,104,画家,其他,0,#N/A,#N/A,,
2306,回忆粉,绿皮,23,冒险家,其他,0,#N/A,#N/A,,
12714,回声传导,蓝皮,127,隐士,其他,0,#N/A,#N/A,,
13308,辉锑矿,紫皮,133,“愚人金”,其他,0,#N/A,#N/A,,
10702,晖之羽,金皮,107,玩具商,限定,1350,限定,第17赛季,950,
14002,灰云,金皮,140,“跛脚羊”,限定,270,限定,第34赛季,190,
7224,灰原哀,紫皮,72,调香师,其他,0,#N/A,#N/A,,
7235,灰原哀,紫皮,72,调香师,其他,0,#N/A,#N/A,,
9703,灰涂料,绿皮,97,“囚徒”,其他,0,#N/A,#N/A,,
8321,灰烬狂想,紫皮,83,咒术师,其他,0,#N/A,#N/A,,
10007,灰蝶,绿皮,100,昆虫学者,其他,0,#N/A,#N/A,,
6303,黄袖,绿皮,63,红蝶,其他,0,#N/A,#N/A,,
9705,黄土墙,绿皮,97,“囚徒”,其他,0,#N/A,#N/A,,
8003,黄铜,绿皮,80,疯眼,其他,0,#N/A,#N/A,,
8509,黄沙遗梦,蓝皮,85,红夫人,其他,0,#N/A,#N/A,,
9604,黄泥沙,绿皮,96,守墓人,其他,0,#N/A,#N/A,,
6007,黄金烛台,金皮,60,蜘蛛,限定,550,限定,第01赛季,500,
6206,黄金蛋糕,金皮,62,盲女,限定,840,限定,第01赛季,888,
10402,黄金比例,金皮,104,画家,限定,2299,限定,第14赛季,1550,
3203,皇家骑兵,蓝皮,32,空军,其他,0,#N/A,#N/A,,
10022,荒原之花,紫皮,100,昆虫学者,其他,0,#N/A,#N/A,,
9515,荒野女巫,紫皮,95,“使徒”,其他,0,#N/A,#N/A,,
9506,荒野白,绿皮,95,“使徒”,其他,0,#N/A,#N/A,,
6404,欢宴,蓝皮,64,黄衣之主,其他,0,#N/A,#N/A,,
8017,欢庆之人,蓝皮,80,疯眼,其他,0,#N/A,#N/A,,
3609,欢乐小恶魔,蓝皮,36,舞女,其他,0,#N/A,#N/A,,
3213,怀古,紫皮,32,空军,其他,0,#N/A,#N/A,,
11016,画中少女,蓝皮,110,“心理学家”,其他,0,#N/A,#N/A,,
8104,画中女郎,紫皮,81,梦之女巫,其他,0,#N/A,#N/A,,
8204,画中女郎,紫皮,82,梦之女巫,其他,0,#N/A,#N/A,,
10815,画展游客,蓝皮,108,病患,其他,0,#N/A,#N/A,,
1603,画师,蓝皮,16,“慈善家”,其他,0,#N/A,#N/A,,
10422,画家旧装,紫皮,104,画家,其他,0,#N/A,#N/A,,
10011,化妆师,蓝皮,100,昆虫学者,其他,0,#N/A,#N/A,,
1418,化学剂师,蓝皮,14,医生,其他,0,#N/A,#N/A,,
8103,化身,蓝皮,81,梦之女巫,其他,0,#N/A,#N/A,,
8203,化身,蓝皮,82,梦之女巫,其他,0,#N/A,#N/A,,
3211,华为红,绿皮,32,空军,其他,0,#N/A,#N/A,,
8909,花紫,绿皮,89,杂技演员,其他,0,#N/A,#N/A,,
6018,花蛛,蓝皮,60,蜘蛛,其他,0,#N/A,#N/A,,
3634,花枝镜,蓝皮,36,舞女,其他,0,#N/A,#N/A,,
7242,花序,金皮,72,调香师,其他,0,#N/A,#N/A,,
1711,花童,蓝皮,17,园丁,其他,0,#N/A,#N/A,,
1734,花蕊,蓝皮,17,园丁,其他,0,#N/A,#N/A,,
1712,花匠,蓝皮,17,园丁,其他,0,#N/A,#N/A,,
6308,花嫁,金皮,63,红蝶,其他,0,#N/A,#N/A,,
6021,花祭,金皮,60,蜘蛛,其他,0,#N/A,#N/A,,
6330,花火,蓝皮,63,红蝶,其他,0,#N/A,#N/A,,
1737,花店店长,蓝皮,17,园丁,其他,0,#N/A,#N/A,,
8318,花边新闻,紫皮,83,咒术师,其他,0,#N/A,#N/A,,
12203,户外研究,蓝皮,122,教授,其他,0,#N/A,#N/A,,
10818,湖中影,紫皮,108,病患,其他,0,#N/A,#N/A,,
9305,湖蓝漆,绿皮,93,26号守卫,其他,0,#N/A,#N/A,,
10209,胡桃夹子,紫皮,102,破轮,其他,0,#N/A,#N/A,,
2535,弧矢星,紫皮,25,佣兵,其他,0,#N/A,#N/A,,
6004,红妆绸,绿皮,60,蜘蛛,其他,0,#N/A,#N/A,,
8609,红藻,绿皮,86,孽蜥,其他,0,#N/A,#N/A,,
1910,红樱之纹,蓝皮,19,鹿头,其他,0,#N/A,#N/A,,
2527,红衣人,金皮,25,佣兵,限定,3000,限定,第18赛季,2700,
8506,红心王后,蓝皮,85,红夫人,其他,0,#N/A,#N/A,,
8807,红心骑士,蓝皮,88,野人,其他,0,#N/A,#N/A,,
2312,红桃侍卫,紫皮,23,冒险家,其他,0,#N/A,#N/A,,
9602,红沙土,绿皮,96,守墓人,其他,0,#N/A,#N/A,,
14102,红骑士,金皮,141,“骑士”,限定,470,限定,第35赛季,358,
8117,红龙夫人,紫皮,81,梦之女巫,其他,0,#N/A,#N/A,,
8217,红龙夫人,紫皮,82,梦之女巫,其他,0,#N/A,#N/A,,
7229,红菱艳,紫皮,72,调香师,其他,0,#N/A,#N/A,,
8604,红鳞先生,蓝皮,86,孽蜥,其他,0,#N/A,#N/A,,
3625,红花,蓝皮,36,舞女,其他,0,#N/A,#N/A,,
8810,红枫叶,绿皮,88,野人,其他,0,#N/A,#N/A,,
10612,橫木,蓝皮,106,击球手,其他,0,#N/A,#N/A,,
6335,黑泽纱重,紫皮,63,红蝶,其他,0,#N/A,#N/A,,
6336,黑泽纱重,紫皮,63,红蝶,其他,0,#N/A,#N/A,,
8723,黑郁金香,紫皮,87,勘探员,其他,0,#N/A,#N/A,,
11305,黑鸦公爵,蓝皮,113,小说家,其他,0,#N/A,#N/A,,
12105,黑鸦,紫皮,121,古董商,其他,0,#N/A,#N/A,,
8729,黑钨,蓝皮,87,勘探员,其他,0,#N/A,#N/A,,
9010,黑桅杆,绿皮,90,大副,其他,0,#N/A,#N/A,,
3215,黑天鹅之羽,紫皮,32,空军,其他,0,#N/A,#N/A,,
8411,黑炭,绿皮,84,爱哭鬼,其他,0,#N/A,#N/A,,
8804,黑森林,绿皮,88,野人,其他,0,#N/A,#N/A,,
216,黑色圣诞节,蓝皮,2,小丑,其他,0,#N/A,#N/A,,
10005,黑女巫,紫皮,100,昆虫学者,其他,0,#N/A,#N/A,,
129,黑男爵,绿皮,30,“杰克”,其他,0,#N/A,#N/A,,
9108,黑玫瑰,紫皮,91,调酒师,其他,0,#N/A,#N/A,,
3006,黑领,绿皮,1,厂长,其他,0,#N/A,#N/A,,
8307,黑莲,蓝皮,83,咒术师,其他,0,#N/A,#N/A,,
123,黑杰克,蓝皮,30,“杰克”,其他,0,#N/A,#N/A,,
10006,黑凤蝶,绿皮,100,昆虫学者,其他,0,#N/A,#N/A,,
5927,黑刺,蓝皮,59,前锋,其他,0,#N/A,#N/A,,
11604,黑百合,蓝皮,116,“记录员”,其他,0,#N/A,#N/A,,
9309,黑白熊,金皮,93,26号守卫,限定,500,限定,联动,430,
2325,鹤翁,蓝皮,23,冒险家,其他,0,#N/A,#N/A,,
9304,褐铜,绿皮,93,26号守卫,其他,0,#N/A,#N/A,,
10111,赫伯,蓝皮,101,雕刻家,其他,0,#N/A,#N/A,,
10203,合力,蓝皮,102,破轮,其他,0,#N/A,#N/A,,
10303,合力,蓝皮,103,破轮,其他,0,#N/A,#N/A,,
8919,好男孩,蓝皮,89,杂技演员,其他,0,#N/A,#N/A,,
3014,焊接者,蓝皮,1,厂长,其他,0,#N/A,#N/A,,
3227,寒香舞,金皮,32,空军,限定,752,春节限定,春节,630,
6615,寒霜,金皮,66,宿伞之魂,其他,0,#N/A,#N/A,,
6715,寒霜,金皮,67,宿伞之魂,其他,0,#N/A,#N/A,,
311,含蓄绿,绿皮,3,幸运儿,其他,0,#N/A,#N/A,,
9120,海盐特调,金皮,91,调酒师,其他,0,#N/A,#N/A,,
6216,海西遗风,紫皮,62,盲女,其他,0,#N/A,#N/A,,
11610,海雾勘测,蓝皮,116,“记录员”,其他,0,#N/A,#N/A,,
6318,海棠,蓝皮,63,红蝶,其他,0,#N/A,#N/A,,
8120,海滩入梦,蓝皮,81,梦之女巫,其他,0,#N/A,#N/A,,
8220,海滩入梦,蓝皮,82,梦之女巫,其他,0,#N/A,#N/A,,
6403,海神之冕,金皮,64,黄衣之主,限定,0,限定,第02赛季,0,丑
8107,海蛇女,蓝皮,81,梦之女巫,其他,0,#N/A,#N/A,,
8207,海蛇女,蓝皮,82,梦之女巫,其他,0,#N/A,#N/A,,
6231,海女巫,紫皮,62,盲女,其他,0,#N/A,#N/A,,
1409,海葵鱼,蓝皮,14,医生,其他,0,#N/A,#N/A,,
3209,海军仪仗,蓝皮,32,空军,其他,0,#N/A,#N/A,,
3444,海景引导,蓝皮,34,机械师,其他,0,#N/A,#N/A,,
3016,海怪船长,紫皮,1,厂长,其他,0,#N/A,#N/A,,
1608,海盗远望者,紫皮,16,“慈善家”,其他,0,#N/A,#N/A,,
1406,海盗巫医,紫皮,14,医生,其他,0,#N/A,#N/A,,
3208,海盗枪手,紫皮,32,空军,其他,0,#N/A,#N/A,,
1509,海盗领航员,紫皮,15,律师,其他,0,#N/A,#N/A,,
9016,海盗电台,紫皮,90,大副,其他,0,#N/A,#N/A,,
1707,海盗船匠,紫皮,17,园丁,其他,0,#N/A,#N/A,,
7323,海岛游客,蓝皮,73,牛仔,其他,0,#N/A,#N/A,,
10907,海草绿,绿皮,109,渔女,其他,0,#N/A,#N/A,,
7917,哈姆雷特,紫皮,79,入殓师,其他,0,#N/A,#N/A,,
3406,哈雷车手,蓝皮,34,机械师,其他,0,#N/A,#N/A,,
5920,裹布人,蓝皮,59,前锋,其他,0,#N/A,#N/A,,
7302,国王的裁缝,金皮,73,牛仔,限定,0,限定,第03赛季,0,丑
11310,国木田独步,紫皮,113,小说家,其他,0,#N/A,#N/A,,
1920,锅炉工,蓝皮,19,鹿头,其他,0,#N/A,#N/A,,
8705,锅盖头,蓝皮,87,勘探员,其他,0,#N/A,#N/A,,
11108,滚滚伙伴,紫皮,111,“小女孩”,其他,0,#N/A,#N/A,,
7204,贵族之礼,蓝皮,72,调香师,其他,0,#N/A,#N/A,,
11406,贵族蓝,绿皮,114,作曲家,其他,0,#N/A,#N/A,,
3023,刽子手,蓝皮,1,厂长,其他,0,#N/A,#N/A,,
12605,鬼鸮,蓝皮,126,守夜人,其他,0,#N/A,#N/A,,
10920,鬼脸天蛾,紫皮,109,渔女,其他,0,#N/A,#N/A,,
6407,鬼蓝舵手,蓝皮,64,黄衣之主,其他,0,#N/A,#N/A,,
8415,鬼灯,蓝皮,84,爱哭鬼,其他,0,#N/A,#N/A,,
10213,诡卒,蓝皮,102,破轮,其他,0,#N/A,#N/A,,
10313,诡卒,蓝皮,103,破轮,其他,0,#N/A,#N/A,,
3635,诡焰,紫皮,36,舞女,其他,0,#N/A,#N/A,,
3418,诡笑症,紫皮,34,机械师,其他,0,#N/A,#N/A,,
6024,归期,蓝皮,60,蜘蛛,其他,0,#N/A,#N/A,,
3442,归来者,紫皮,34,机械师,其他,0,#N/A,#N/A,,
8311,归化者,蓝皮,83,咒术师,其他,0,#N/A,#N/A,,
2131,广津柳浪,紫皮,21,魔术师,其他,0,#N/A,#N/A,,
6012,光织守护,紫皮,60,蜘蛛,其他,0,#N/A,#N/A,,
2119,光学镜面,紫皮,21,魔术师,其他,0,#N/A,#N/A,,
1410,光天使,紫皮,14,医生,其他,0,#N/A,#N/A,,
10615,冠军舵手,金皮,106,击球手,其他,0,#N/A,#N/A,,
12411,官方报道,蓝皮,124,记者,其他,0,#N/A,#N/A,,
7816,观测者,紫皮,78,先知,其他,0,#N/A,#N/A,,
8419,怪童,蓝皮,84,爱哭鬼,其他,0,#N/A,#N/A,,
1732,怪鸟,金皮,17,园丁,其他,0,#N/A,#N/A,,
9723,怪咖,蓝皮,97,“囚徒”,其他,0,#N/A,#N/A,,
7821,怪盗基德,金皮,78,先知,限定,0,限定,联动,0,丑
7825,怪盗基德,金皮,78,先知,限定,0,#N/A,#N/A,,
10211,寡言棕,绿皮,102,破轮,其他,0,#N/A,#N/A,,
10311,寡言棕,绿皮,103,破轮,其他,0,#N/A,#N/A,,
8613,骨笛,紫皮,86,孽蜥,其他,0,#N/A,#N/A,,
9606,古老歌谣,蓝皮,96,守墓人,其他,0,#N/A,#N/A,,
1741,古董修复师,蓝皮,17,园丁,其他,0,#N/A,#N/A,,
12114,古董商旧装,紫皮,121,古董商,其他,0,#N/A,#N/A,,
10408,古董鉴定师,蓝皮,104,画家,其他,0,#N/A,#N/A,,
6411,古代游魂,蓝皮,64,黄衣之主,其他,0,#N/A,#N/A,,
8009,古堡管家,蓝皮,80,疯眼,其他,0,#N/A,#N/A,,
9809,孤月骑士,金皮,98,小提琴家,其他,0,#N/A,#N/A,,
11605,公正蓝,绿皮,116,“记录员”,其他,0,#N/A,#N/A,,
8720,公路骑士,紫皮,87,勘探员,其他,0,#N/A,#N/A,,
704,工藤新一,金皮,7,侦探,限定,0,限定,联动,0,丑
10001004,工藤新一,金皮,10001,侦探,限定,0,#N/A,#N/A,,
10001006,工藤新一,金皮,10001,侦探,限定,0,#N/A,#N/A,,
708,工藤新一,金皮,7,侦探,限定,0,#N/A,#N/A,,
3011,工匠怪杰,蓝皮,1,厂长,其他,0,#N/A,#N/A,,
3411,工匠,蓝皮,34,机械师,其他,0,#N/A,#N/A,,
10611,工蜂,蓝皮,106,击球手,其他,0,#N/A,#N/A,,
6333,更纱,紫皮,63,红蝶,其他,0,#N/A,#N/A,,
6622,亘古双星,金皮,66,宿伞之魂,限定,0,深渊限定,深渊,0,丑
6722,亘古双星,金皮,67,宿伞之魂,限定,0,#N/A,#N/A,,
11311,跟组编剧,蓝皮,113,小说家,其他,0,#N/A,#N/A,,
209,歌手,蓝皮,2,小丑,其他,0,#N/A,#N/A,,
8722,歌曲,蓝皮,87,勘探员,其他,0,#N/A,#N/A,,
7244,鸽子般的尤迪特,金皮,72,调香师,限定,2095,限定,第31赛季,1210,
3403,哥特,蓝皮,34,机械师,其他,0,#N/A,#N/A,,
1517,哥布林,蓝皮,15,律师,其他,0,#N/A,#N/A,,
8721,告讦之盔,蓝皮,87,勘探员,其他,0,#N/A,#N/A,,
112,糕点师,蓝皮,30,“杰克”,其他,0,#N/A,#N/A,,
3206,高雅灰,绿皮,32,空军,其他,0,#N/A,#N/A,,
2129,高山滑雪,蓝皮,21,魔术师,其他,0,#N/A,#N/A,,
3613,高卷杏,紫皮,36,舞女,其他,0,#N/A,#N/A,,
11407,高傲黄,绿皮,114,作曲家,其他,0,#N/A,#N/A,,
10105,绀,绿皮,101,雕刻家,其他,0,#N/A,#N/A,,
2107,橄榄枝,绿皮,21,魔术师,其他,0,#N/A,#N/A,,
13306,感染绿,绿皮,133,“愚人金”,其他,0,#N/A,#N/A,,
10504,感染,绿皮,105,“博士”,其他,0,#N/A,#N/A,,
2509,感染,紫皮,25,佣兵,其他,0,#N/A,#N/A,,
8730,盖提亚之遗,金皮,87,勘探员,其他,0,#N/A,#N/A,,
8109,改造者,蓝皮,81,梦之女巫,其他,0,#N/A,#N/A,,
8209,改造者,蓝皮,82,梦之女巫,其他,0,#N/A,#N/A,,
2517,缚咒法老,紫皮,25,佣兵,其他,0,#N/A,#N/A,,
9404,复古绿,绿皮,94,邮差,其他,0,#N/A,#N/A,,
8005,附林,蓝皮,80,疯眼,其他,0,#N/A,#N/A,,
115,蝠鲼大副,蓝皮,30,“杰克”,其他,0,#N/A,#N/A,,
10910,蜉蝣,蓝皮,109,渔女,其他,0,#N/A,#N/A,,
7423,浮士德,紫皮,74,摄影师,其他,0,#N/A,#N/A,,
3210,服务生,蓝皮,32,空军,其他,0,#N/A,#N/A,,
5928,服部平次,紫皮,59,前锋,其他,0,#N/A,#N/A,,
5931,服部平次,紫皮,59,前锋,其他,0,#N/A,#N/A,,
2520,蜂鸟,蓝皮,25,佣兵,其他,0,#N/A,#N/A,,
2112,疯帽客,蓝皮,21,魔术师,其他,0,#N/A,#N/A,,
306,疯狂的耿浩,蓝皮,3,幸运儿,其他,0,#N/A,#N/A,,
1520,疯狂的大飞,蓝皮,15,律师,其他,0,#N/A,#N/A,,
217,封存人,蓝皮,2,小丑,其他,0,#N/A,#N/A,,
7210,枫叶红,蓝皮,72,调香师,其他,0,#N/A,#N/A,,
13606,风中的玫瑰,蓝皮,136,时空之影,其他,0,#N/A,#N/A,,
12109,风铃蓝,绿皮,121,古董商,其他,0,#N/A,#N/A,,
9407,风度粉,绿皮,94,邮差,其他,0,#N/A,#N/A,,
3027,丰悦,紫皮,1,厂长,其他,0,#N/A,#N/A,,
6203,粉意白,绿皮,62,盲女,其他,0,#N/A,#N/A,,
10412,粉刷匠,蓝皮,104,画家,其他,0,#N/A,#N/A,,
6302,粉黛,绿皮,63,红蝶,其他,0,#N/A,#N/A,,
3417,废土旅人,蓝皮,34,机械师,其他,0,#N/A,#N/A,,
9722,废寝者,蓝皮,97,“囚徒”,其他,0,#N/A,#N/A,,
9507,翡翠女王,紫皮,95,“使徒”,其他,0,#N/A,#N/A,,
8915,翡翠车夫,蓝皮,89,杂技演员,其他,0,#N/A,#N/A,,
13405,斐乐蒙的圣坛,紫皮,134,木偶师,其他,0,#N/A,#N/A,,
7404,绯影,绿皮,74,摄影师,其他,0,#N/A,#N/A,,
8912,绯红,绿皮,89,杂技演员,其他,0,#N/A,#N/A,,
114,绯鹗,蓝皮,30,“杰克”,其他,0,#N/A,#N/A,,
7920,菲尼克斯,金皮,79,入殓师,其他,0,#N/A,#N/A,,
10020,菲丽丝,紫皮,100,昆虫学者,其他,0,#N/A,#N/A,,
9716,放映厅,紫皮,97,“囚徒”,其他,0,#N/A,#N/A,,
13505,芳泽霞,紫皮,135,“法罗女士”,其他,0,#N/A,#N/A,,
13507,芳泽霞,紫皮,135,“法罗女士”,其他,0,#N/A,#N/A,,
3608,梵音之舞,紫皮,36,舞女,其他,0,#N/A,#N/A,,
1412,返生,蓝皮,14,医生,其他,0,#N/A,#N/A,,
10009,反叛者,蓝皮,100,昆虫学者,其他,0,#N/A,#N/A,,
6835,反光镜,紫皮,68,祭司,其他,0,#N/A,#N/A,,
10608,反骨之缚,紫皮,106,击球手,其他,0,#N/A,#N/A,,
9009,帆布白,绿皮,90,大副,其他,0,#N/A,#N/A,,
6025,发型师,蓝皮,60,蜘蛛,其他,0,#N/A,#N/A,,
2315,发明家,紫皮,23,冒险家,其他,0,#N/A,#N/A,,
3246,发令枪,蓝皮,32,空军,其他,0,#N/A,#N/A,,
8317,噩之牙,紫皮,83,咒术师,其他,0,#N/A,#N/A,,
9504,噩梦蓝,绿皮,95,“使徒”,其他,0,#N/A,#N/A,,
11102,恶之源,金皮,111,“小女孩”,限定,5555,限定,第19赛季,4399,
3620,恶之花,紫皮,36,舞女,其他,0,#N/A,#N/A,,
12005,厄咒黄,绿皮,117,“噩梦”,其他,0,#N/A,#N/A,,
10604,多拿滋,蓝皮,106,击球手,其他,0,#N/A,#N/A,,
9518,多加雷萨,紫皮,95,“使徒”,其他,0,#N/A,#N/A,,
11211,断罪,蓝皮,112,蜡像师,其他,0,#N/A,#N/A,,
3217,渡魂使者,蓝皮,32,空军,其他,0,#N/A,#N/A,,
6229,睹物思人,蓝皮,62,盲女,其他,0,#N/A,#N/A,,
7817,独行者,紫皮,78,先知,其他,0,#N/A,#N/A,,
12409,独立褐,绿皮,124,记者,其他,0,#N/A,#N/A,,
8403,毒牙,蓝皮,84,爱哭鬼,其他,0,#N/A,#N/A,,
7239,毒蝎,蓝皮,72,调香师,其他,0,#N/A,#N/A,,
8309,毒莓,蓝皮,83,咒术师,其他,0,#N/A,#N/A,,
10908,毒环蓝,绿皮,109,渔女,其他,0,#N/A,#N/A,,
1626,斗牛士之吻,紫皮,16,“慈善家”,其他,0,#N/A,#N/A,,
10016,动植物学教授,紫皮,100,昆虫学者,其他,0,#N/A,#N/A,,
10115,动物女巫,紫皮,101,雕刻家,其他,0,#N/A,#N/A,,
2135,动力芯,紫皮,21,魔术师,其他,0,#N/A,#N/A,,
5906,动力红,绿皮,59,前锋,其他,0,#N/A,#N/A,,
9720,冬蝉,紫皮,97,“囚徒”,其他,0,#N/A,#N/A,,
5930,冬,紫皮,59,前锋,其他,0,#N/A,#N/A,,
6607,东风遥,金皮,66,宿伞之魂,限定,1066,春节限定,春节,1050,
6707,东风遥,金皮,67,宿伞之魂,限定,0,#N/A,#N/A,,
3421,定音,蓝皮,34,机械师,其他,0,#N/A,#N/A,,
9410,叮铃铃,蓝皮,94,邮差,其他,0,#N/A,#N/A,,
12111,丁香紫,绿皮,121,古董商,其他,0,#N/A,#N/A,,
9104,调味酒,蓝皮,91,调酒师,其他,0,#N/A,#N/A,,
10403,调色盘,蓝皮,104,画家,其他,0,#N/A,#N/A,,
9129,调酒师旧装,紫皮,91,调酒师,其他,0,#N/A,#N/A,,
1510,调酒师,蓝皮,15,律师,其他,0,#N/A,#N/A,,
9020,调查警官,蓝皮,90,大副,其他,0,#N/A,#N/A,,
10106,靛,绿皮,101,雕刻家,其他,0,#N/A,#N/A,,
6408,奠柏,紫皮,64,黄衣之主,其他,0,#N/A,#N/A,,
9708,电解,紫皮,97,“囚徒”,其他,0,#N/A,#N/A,,
9414,点名,蓝皮,94,邮差,其他,0,#N/A,#N/A,,
6233,点亮星星的女孩,紫皮,62,盲女,其他,0,#N/A,#N/A,,
8402,点金,金皮,84,爱哭鬼,限定,920,限定,第06赛季,1000,
9308,点唱机,蓝皮,93,26号守卫,其他,0,#N/A,#N/A,,
12702,典狱长,金皮,127,隐士,限定,2300,限定,第23赛季,2250,
11602,缔造者,金皮,116,“记录员”,其他,0,#N/A,#N/A,,
3437,第四幕,蓝皮,34,机械师,其他,0,#N/A,#N/A,,
8303,涤尘,蓝皮,83,咒术师,其他,0,#N/A,#N/A,,
309,低调黄,绿皮,3,幸运儿,其他,0,#N/A,#N/A,,
1733,等风来,紫皮,17,园丁,其他,0,#N/A,#N/A,,
6829,地狱钥匙,蓝皮,68,祭司,其他,0,#N/A,#N/A,,
3002,地狱感知,蓝皮,1,厂长,其他,0,#N/A,#N/A,,
6234,地下编辑,蓝皮,62,盲女,其他,0,#N/A,#N/A,,
1516,地精,蓝皮,15,律师,其他,0,#N/A,#N/A,,
3627,得利者,蓝皮,36,舞女,其他,0,#N/A,#N/A,,
8414,稻草头,蓝皮,84,爱哭鬼,其他,0,#N/A,#N/A,,
207,稻草人,紫皮,2,小丑,其他,0,#N/A,#N/A,,
1624,盗山者,蓝皮,16,“慈善家”,其他,0,#N/A,#N/A,,
1533,倒逆之汞,金皮,15,律师,限定,248,限定,第33赛季,230,
3443,倒角,蓝皮,34,机械师,其他,0,#N/A,#N/A,,
6226,祷告者,蓝皮,62,盲女,其他,0,#N/A,#N/A,,
232,捣蛋裘克,紫皮,2,小丑,其他,0,#N/A,#N/A,,
3447,当铺学徒,蓝皮,34,机械师,其他,0,#N/A,#N/A,,
8418,当铺老板,金皮,84,爱哭鬼,限定,499,春节限定,春节,499,
320,蛋小黄的好朋友,紫皮,3,幸运儿,其他,0,#N/A,#N/A,,
9313,蛋壳先生,紫皮,93,26号守卫,其他,0,#N/A,#N/A,,
2504,弹簧手,紫皮,25,佣兵,其他,0,#N/A,#N/A,,
7222,丹青,蓝皮,72,调香师,其他,0,#N/A,#N/A,,
12209,丹尼尔·狄更斯,紫皮,122,教授,其他,0,#N/A,#N/A,,
8515,待罪女爵,蓝皮,85,红夫人,其他,0,#N/A,#N/A,,
8802,大英雄,金皮,88,野人,限定,0,限定,第07赛季,0,丑
8412,大叶柃之逝,蓝皮,84,爱哭鬼,其他,0,#N/A,#N/A,,
11306,大师牌,紫皮,113,小说家,其他,0,#N/A,#N/A,,
9106,大麦酒,绿皮,91,调酒师,其他,0,#N/A,#N/A,,
7230,大丽花,蓝皮,72,调香师,其他,0,#N/A,#N/A,,
2130,大理花,蓝皮,21,魔术师,其他,0,#N/A,#N/A,,
1724,大吉岭,蓝皮,17,园丁,其他,0,#N/A,#N/A,,
2106,大红袍,绿皮,21,魔术师,其他,0,#N/A,#N/A,,
6415,大厨,蓝皮,64,黄衣之主,其他,0,#N/A,#N/A,,
2525,达克斯上校,紫皮,25,佣兵,其他,0,#N/A,#N/A,,
10415,达芬奇,紫皮,104,画家,其他,0,#N/A,#N/A,,
1917,村口守卫,蓝皮,19,鹿头,其他,0,#N/A,#N/A,,
3604,翠舞,绿皮,36,舞女,其他,0,#N/A,#N/A,,
7410,催眠医师,蓝皮,74,摄影师,其他,0,#N/A,#N/A,,
12609,丛林绿,绿皮,126,守夜人,其他,0,#N/A,#N/A,,
6816,丛林的召唤,蓝皮,68,祭司,其他,0,#N/A,#N/A,,
6009,刺痛,蓝皮,60,蜘蛛,其他,0,#N/A,#N/A,,
2503,刺客披风,蓝皮,25,佣兵,其他,0,#N/A,#N/A,,
9011,刺歌雀,蓝皮,90,大副,其他,0,#N/A,#N/A,,
7834,纯白之盐,紫皮,78,先知,其他,0,#N/A,#N/A,,
2329,春之诗,蓝皮,23,冒险家,其他,0,#N/A,#N/A,,
11106,春泥褐,绿皮,111,“小女孩”,其他,0,#N/A,#N/A,,
10919,垂泪的神女,金皮,109,渔女,其他,0,#N/A,#N/A,,
3404,创意紫,绿皮,34,机械师,其他,0,#N/A,#N/A,,
7324,船影,紫皮,73,牛仔,其他,0,#N/A,#N/A,,
10909,船锈棕,绿皮,109,渔女,其他,0,#N/A,#N/A,,
3407,船舶技师,蓝皮,34,机械师,其他,0,#N/A,#N/A,,
1623,传信官,紫皮,16,“慈善家”,其他,0,#N/A,#N/A,,
9403,传令官,蓝皮,94,邮差,其他,0,#N/A,#N/A,,
8105,川上富江,金皮,81,梦之女巫,限定,165,限定,联动,150,
8205,川上富江,金皮,82,梦之女巫,限定,0,#N/A,#N/A,,
12104,楚翘,蓝皮,121,古董商,其他,0,#N/A,#N/A,,
10716,雏鹰,蓝皮,107,玩具商,其他,0,#N/A,#N/A,,
11107,初绽杏,绿皮,111,“小女孩”,其他,0,#N/A,#N/A,,
6020,初绽,蓝皮,60,蜘蛛,其他,0,#N/A,#N/A,,
9402,初拥,金皮,94,邮差,限定,0,限定,第10赛季,0,丑
10001,初始时装,绿皮,100,昆虫学者,其他,0,#N/A,#N/A,,
10001001,初始时装,绿皮,10001,侦探,其他,0,#N/A,#N/A,,
10001007,初始时装,绿皮,10001,侦探,其他,0,#N/A,#N/A,,
1000201,初始时装,绿皮,10002,记者,其他,0,#N/A,#N/A,,
10005001,初始时装,绿皮,10005,记者,其他,0,#N/A,#N/A,,
101,初始时装,绿皮,30,“杰克”,其他,0,#N/A,#N/A,,
10101,初始时装,绿皮,101,雕刻家,其他,0,#N/A,#N/A,,
10201,初始时装,绿皮,102,破轮,其他,0,#N/A,#N/A,,
10301,初始时装,绿皮,103,破轮,其他,0,#N/A,#N/A,,
10401,初始时装,绿皮,104,画家,其他,0,#N/A,#N/A,,
10501,初始时装,绿皮,105,“博士”,其他,0,#N/A,#N/A,,
10601,初始时装,绿皮,106,击球手,其他,0,#N/A,#N/A,,
10701,初始时装,绿皮,107,玩具商,其他,0,#N/A,#N/A,,
10801,初始时装,绿皮,108,病患,其他,0,#N/A,#N/A,,
10901,初始时装,绿皮,109,渔女,其他,0,#N/A,#N/A,,
11001,初始时装,绿皮,110,“心理学家”,其他,0,#N/A,#N/A,,
11101,初始时装,绿皮,111,“小女孩”,其他,0,#N/A,#N/A,,
11161,初始时装,绿皮,132,调皮鬼,其他,0,#N/A,#N/A,,
11201,初始时装,绿皮,112,蜡像师,其他,0,#N/A,#N/A,,
11301,初始时装,绿皮,113,小说家,其他,0,#N/A,#N/A,,
11401,初始时装,绿皮,114,作曲家,其他,0,#N/A,#N/A,,
11501,初始时装,绿皮,115,哭泣小丑,其他,0,#N/A,#N/A,,
11601,初始时装,绿皮,116,“记录员”,其他,0,#N/A,#N/A,,
11801,初始时装,绿皮,118,小说家,其他,0,#N/A,#N/A,,
12001,初始时装,绿皮,117,“噩梦”,其他,0,#N/A,#N/A,,
12101,初始时装,绿皮,121,古董商,其他,0,#N/A,#N/A,,
12201,初始时装,绿皮,122,教授,其他,0,#N/A,#N/A,,
12301,初始时装,绿皮,123,飞行家,其他,0,#N/A,#N/A,,
12401,初始时装,绿皮,124,记者,其他,0,#N/A,#N/A,,
12601,初始时装,绿皮,126,守夜人,其他,0,#N/A,#N/A,,
12701,初始时装,绿皮,127,隐士,其他,0,#N/A,#N/A,,
12801,初始时装,绿皮,128,歌剧演员,其他,0,#N/A,#N/A,,
12901,初始时装,绿皮,129,歌剧演员,其他,0,#N/A,#N/A,,
13101,初始时装,绿皮,131,拉拉队员,其他,0,#N/A,#N/A,,
13301,初始时装,绿皮,133,“愚人金”,其他,0,#N/A,#N/A,,
13401,初始时装,绿皮,134,木偶师,其他,0,#N/A,#N/A,,
13501,初始时装,绿皮,135,“法罗女士”,其他,0,#N/A,#N/A,,
13601,初始时装,绿皮,136,时空之影,其他,0,#N/A,#N/A,,
13901,初始时装,绿皮,139,火灾调查员,其他,0,#N/A,#N/A,,
14001,初始时装,绿皮,140,“跛脚羊”,其他,0,#N/A,#N/A,,
1401,初始时装,绿皮,14,医生,其他,0,#N/A,#N/A,,
14101,初始时装,绿皮,141,“骑士”,其他,0,#N/A,#N/A,,
14301,初始时装,绿皮,143,“喧嚣”,其他,0,#N/A,#N/A,,
1501,初始时装,绿皮,15,律师,其他,0,#N/A,#N/A,,
1601,初始时装,绿皮,16,“慈善家”,其他,0,#N/A,#N/A,,
1701,初始时装,绿皮,17,园丁,其他,0,#N/A,#N/A,,
1901,初始时装,绿皮,19,鹿头,其他,0,#N/A,#N/A,,
201,初始时装,绿皮,2,小丑,其他,0,#N/A,#N/A,,
2101,初始时装,绿皮,21,魔术师,其他,0,#N/A,#N/A,,
2301,初始时装,绿皮,23,冒险家,其他,0,#N/A,#N/A,,
2501,初始时装,绿皮,25,佣兵,其他,0,#N/A,#N/A,,
2701,初始时装,绿皮,27,厂长,其他,0,#N/A,#N/A,,
2801,初始时装,绿皮,28,厂长,其他,0,#N/A,#N/A,,
2901,初始时装,绿皮,29,厂长,其他,0,#N/A,#N/A,,
3001,初始时装,绿皮,1,厂长,其他,0,#N/A,#N/A,,
301,初始时装,绿皮,3,幸运儿,其他,0,#N/A,#N/A,,
3201,初始时装,绿皮,32,空军,其他,0,#N/A,#N/A,,
3401,初始时装,绿皮,34,机械师,其他,0,#N/A,#N/A,,
3601,初始时装,绿皮,36,舞女,其他,0,#N/A,#N/A,,
5901,初始时装,绿皮,59,前锋,其他,0,#N/A,#N/A,,
6001,初始时装,绿皮,60,蜘蛛,其他,0,#N/A,#N/A,,
600101,初始时装,绿皮,6001,前锋,其他,0,#N/A,#N/A,,
600201,初始时装,绿皮,6002,魔术师,其他,0,#N/A,#N/A,,
600301,初始时装,绿皮,6003,冒险家,其他,0,#N/A,#N/A,,
600401,初始时装,绿皮,6004,佣兵,其他,0,#N/A,#N/A,,
6201,初始时装,绿皮,62,盲女,其他,0,#N/A,#N/A,,
6301,初始时装,绿皮,63,红蝶,其他,0,#N/A,#N/A,,
6401,初始时装,绿皮,64,黄衣之主,其他,0,#N/A,#N/A,,
6601,初始时装,绿皮,66,宿伞之魂,其他,0,#N/A,#N/A,,
6701,初始时装,绿皮,67,宿伞之魂,其他,0,#N/A,#N/A,,
6801,初始时装,绿皮,68,祭司,其他,0,#N/A,#N/A,,
700101,初始时装,绿皮,7,侦探,其他,0,#N/A,#N/A,,
700102,初始时装,绿皮,7,侦探,其他,0,#N/A,#N/A,,
700103,初始时装,绿皮,7,侦探,其他,0,#N/A,#N/A,,
700104,初始时装,绿皮,7,侦探,其他,0,#N/A,#N/A,,
700105,初始时装,绿皮,7,侦探,其他,0,#N/A,#N/A,,
700106,初始时装,绿皮,10010,舞女,其他,0,#N/A,#N/A,,
700107,初始时装,绿皮,10011,杂技演员,其他,0,#N/A,#N/A,,
701,初始时装,绿皮,7,侦探,其他,0,#N/A,#N/A,,
709,初始时装,绿皮,7,侦探,其他,0,#N/A,#N/A,,
7101,初始时装,绿皮,71,厂长,其他,0,#N/A,#N/A,,
711,初始时装,绿皮,7,侦探,其他,0,#N/A,#N/A,,
7201,初始时装,绿皮,72,调香师,其他,0,#N/A,#N/A,,
7301,初始时装,绿皮,73,牛仔,其他,0,#N/A,#N/A,,
7401,初始时装,绿皮,74,摄影师,其他,0,#N/A,#N/A,,
7801,初始时装,绿皮,78,先知,其他,0,#N/A,#N/A,,
7901,初始时装,绿皮,79,入殓师,其他,0,#N/A,#N/A,,
8001,初始时装,绿皮,80,疯眼,其他,0,#N/A,#N/A,,
8101,初始时装,绿皮,81,梦之女巫,其他,0,#N/A,#N/A,,
8201,初始时装,绿皮,82,梦之女巫,其他,0,#N/A,#N/A,,
8301,初始时装,绿皮,83,咒术师,其他,0,#N/A,#N/A,,
8401,初始时装,绿皮,84,爱哭鬼,其他,0,#N/A,#N/A,,
8501,初始时装,绿皮,85,红夫人,其他,0,#N/A,#N/A,,
8601,初始时装,绿皮,86,孽蜥,其他,0,#N/A,#N/A,,
8701,初始时装,绿皮,87,勘探员,其他,0,#N/A,#N/A,,
8801,初始时装,绿皮,88,野人,其他,0,#N/A,#N/A,,
8901,初始时装,绿皮,89,杂技演员,其他,0,#N/A,#N/A,,
9001,初始时装,绿皮,90,大副,其他,0,#N/A,#N/A,,
9101,初始时装,绿皮,91,调酒师,其他,0,#N/A,#N/A,,
9201,初始时装,绿皮,92,园丁,其他,0,#N/A,#N/A,,
9301,初始时装,绿皮,93,26号守卫,其他,0,#N/A,#N/A,,
9401,初始时装,绿皮,94,邮差,其他,0,#N/A,#N/A,,
9501,初始时装,绿皮,95,“使徒”,其他,0,#N/A,#N/A,,
9601,初始时装,绿皮,96,守墓人,其他,0,#N/A,#N/A,,
9701,初始时装,绿皮,97,“囚徒”,其他,0,#N/A,#N/A,,
9801,初始时装,绿皮,98,小提琴家,其他,0,#N/A,#N/A,,
1739,初晴,金皮,17,园丁,其他,0,#N/A,#N/A,,
9813,出局,蓝皮,98,小提琴家,其他,0,#N/A,#N/A,,
1411,炽天使,紫皮,14,医生,其他,0,#N/A,#N/A,,
8502,赤宴,金皮,85,红夫人,限定,2600,限定,第08赛季,2399,
3611,赤香,蓝皮,36,舞女,其他,0,#N/A,#N/A,,
12405,赤松枫,金皮,124,记者,限定,877,限定,联动,650,
3010,赤领,绿皮,1,厂长,其他,0,#N/A,#N/A,,
204,赤脸,绿皮,2,小丑,其他,0,#N/A,#N/A,,
2523,赤井秀一,紫皮,25,佣兵,其他,0,#N/A,#N/A,,
2529,赤井秀一,紫皮,25,佣兵,其他,0,#N/A,#N/A,,
2530,赤井秀一,紫皮,25,佣兵,其他,0,#N/A,#N/A,,
8405,赤斧,绿皮,84,爱哭鬼,其他,0,#N/A,#N/A,,
7905,赤服,绿皮,79,入殓师,其他,0,#N/A,#N/A,,
1611,斥候,蓝皮,16,“慈善家”,其他,0,#N/A,#N/A,,
12310,齿轮组,蓝皮,123,飞行家,其他,0,#N/A,#N/A,,
3008,橙领,绿皮,1,厂长,其他,0,#N/A,#N/A,,
6618,程小时&陆光,紫皮,66,宿伞之魂,其他,0,#N/A,#N/A,,
6620,程小时&陆光,紫皮,66,宿伞之魂,其他,0,#N/A,#N/A,,
6718,程小时&陆光,紫皮,67,宿伞之魂,其他,0,#N/A,#N/A,,
6720,程小时&陆光,紫皮,67,宿伞之魂,其他,0,#N/A,#N/A,,
9611,城中庆典,蓝皮,96,守墓人,其他,0,#N/A,#N/A,,
12711,沉稳紫,绿皮,127,隐士,其他,0,#N/A,#N/A,,
9613,沉默船夫,蓝皮,96,守墓人,其他,0,#N/A,#N/A,,
5913,沉眠的兔先生,紫皮,59,前锋,其他,0,#N/A,#N/A,,
9609,唱诗班,蓝皮,96,守墓人,其他,0,#N/A,#N/A,,
3029,厂长旧装,紫皮,1,厂长,其他,0,#N/A,#N/A,,
7218,常春藤,绿皮,72,调香师,其他,0,#N/A,#N/A,,
3237,菖蒲,金皮,32,空军,限定,520,限定,第23赛季,420,
2512,柴郡猫,金皮,25,佣兵,其他,0,#N/A,#N/A,,
8014,拆卸工,蓝皮,80,疯眼,其他,0,#N/A,#N/A,,
10507,查吉,紫皮,105,“博士”,其他,0,#N/A,#N/A,,
8923,茶话会,金皮,89,杂技演员,其他,0,#N/A,#N/A,,
8020,测量者,紫皮,80,疯眼,其他,0,#N/A,#N/A,,
1706,草莓红,绿皮,17,园丁,其他,0,#N/A,#N/A,,
10705,藏,紫皮,107,玩具商,其他,0,#N/A,#N/A,,
11002,苍鹭之翼,金皮,110,“心理学家”,限定,1650,限定,第18赛季,1500,
6623,粲然的北辰,金皮,66,宿伞之魂,其他,0,#N/A,#N/A,,
6723,粲然的北辰,金皮,67,宿伞之魂,其他,0,#N/A,#N/A,,
11509,蚕食者,紫皮,115,哭泣小丑,其他,0,#N/A,#N/A,,
6612,残花泪,紫皮,66,宿伞之魂,其他,0,#N/A,#N/A,,
6712,残花泪,紫皮,67,宿伞之魂,其他,0,#N/A,#N/A,,
9316,彩蛋马车,蓝皮,93,26号守卫,其他,0,#N/A,#N/A,,
1415,采药人,紫皮,14,医生,其他,0,#N/A,#N/A,,
12715,裁判长,蓝皮,127,隐士,其他,0,#N/A,#N/A,,
9102,裁决之酒,金皮,91,调酒师,限定,0,限定,第09赛季,0,丑
7303,部族勇士,紫皮,73,牛仔,其他,0,#N/A,#N/A,,
2531,布朗熊,紫皮,25,佣兵,其他,0,#N/A,#N/A,,
6222,不愿醒来的女孩,紫皮,62,盲女,其他,0,#N/A,#N/A,,
128,不速之客,紫皮,30,“杰克”,其他,0,#N/A,#N/A,,
3025,不死护卫,紫皮,1,厂长,其他,0,#N/A,#N/A,,
7820,不屈的信仰,金皮,78,先知,限定,0,限定,充值,0,丑
9814,不羁的浪漫,紫皮,98,小提琴家,其他,0,#N/A,#N/A,,
3435,不会枯萎的花,金皮,34,机械师,其他,0,#N/A,#N/A,,
8121,补天裂,紫皮,81,梦之女巫,其他,0,#N/A,#N/A,,
8221,补天裂,紫皮,82,梦之女巫,其他,0,#N/A,#N/A,,
8711,补丁,蓝皮,87,勘探员,其他,0,#N/A,#N/A,,
10508,博士旧装,紫皮,105,“博士”,其他,0,#N/A,#N/A,,
2524,狛枝凪斗,紫皮,25,佣兵,其他,0,#N/A,#N/A,,
10917,帛鱼,蓝皮,109,渔女,其他,0,#N/A,#N/A,,
7411,伯爵,蓝皮,74,摄影师,其他,0,#N/A,#N/A,,
8113,播报员,蓝皮,81,梦之女巫,其他,0,#N/A,#N/A,,
8213,播报员,蓝皮,82,梦之女巫,其他,0,#N/A,#N/A,,
6402,波塞冬,紫皮,64,黄衣之主,其他,0,#N/A,#N/A,,
6207,病服,蓝皮,62,盲女,其他,0,#N/A,#N/A,,
6841,冰中蝶,紫皮,68,祭司,其他,0,#N/A,#N/A,,
9510,冰箱,蓝皮,95,“使徒”,其他,0,#N/A,#N/A,,
7237,冰上舞蹈,紫皮,72,调香师,其他,0,#N/A,#N/A,,
3624,冰淇淋,蓝皮,36,舞女,其他,0,#N/A,#N/A,,
1905,冰蓝,绿皮,19,鹿头,其他,0,#N/A,#N/A,,
9616,冰壶选手,蓝皮,96,守墓人,其他,0,#N/A,#N/A,,
9717,宾虚,紫皮,97,“囚徒”,其他,0,#N/A,#N/A,,
702,别样魅力,金皮,7,侦探,限定,0,限定,充值,0,丑
10001002,别样魅力,金皮,10001,侦探,限定,0,#N/A,#N/A,,
705,别样魅力,绿皮,7,侦探,其他,0,#N/A,#N/A,,
706,别样魅力,绿皮,7,侦探,其他,0,#N/A,#N/A,,
7325,标定点,蓝皮,73,牛仔,其他,0,#N/A,#N/A,,
2123,辨真,蓝皮,21,魔术师,其他,0,#N/A,#N/A,,
7228,变奏,绿皮,72,调香师,其他,0,#N/A,#N/A,,
230,变脸王,金皮,2,小丑,限定,0,春节限定,春节,0,丑
9617,壁画修复员,紫皮,96,守墓人,其他,0,#N/A,#N/A,,
6611,碧水,绿皮,66,宿伞之魂,其他,0,#N/A,#N/A,,
6711,碧水,绿皮,67,宿伞之魂,其他,0,#N/A,#N/A,,
9726,毕业日,紫皮,97,“囚徒”,其他,0,#N/A,#N/A,,
6324,彼岸,紫皮,63,红蝶,其他,0,#N/A,#N/A,,
8607,比尔,蓝皮,86,孽蜥,其他,0,#N/A,#N/A,,
9423,本地巡警,蓝皮,94,邮差,其他,0,#N/A,#N/A,,
8407,被时间遗忘的男孩,紫皮,84,爱哭鬼,其他,0,#N/A,#N/A,,
8513,贝拉夫人,金皮,85,红夫人,其他,0,#N/A,#N/A,,
9114,贝尔摩德,紫皮,91,调酒师,其他,0,#N/A,#N/A,,
9118,贝尔摩德,紫皮,91,调酒师,其他,0,#N/A,#N/A,,
12710,悲观青,绿皮,127,隐士,其他,0,#N/A,#N/A,,
8718,暴投,蓝皮,87,勘探员,其他,0,#N/A,#N/A,,
1403,豹斑,蓝皮,14,医生,其他,0,#N/A,#N/A,,
9416,报纸怪客,紫皮,94,邮差,其他,0,#N/A,#N/A,,
9413,报童,蓝皮,94,邮差,其他,0,#N/A,#N/A,,
2330,报社主编,金皮,23,冒险家,限定,266,限定,#N/A,266,
8809,保镖,蓝皮,88,野人,其他,0,#N/A,#N/A,,
8523,宝钻女爵,紫皮,85,红夫人,其他,0,#N/A,#N/A,,
10121,宝相花,蓝皮,101,雕刻家,其他,0,#N/A,#N/A,,
1505,宝石蓝,绿皮,15,律师,其他,0,#N/A,#N/A,,
1612,宝剑侍从,蓝皮,16,“慈善家”,其他,0,#N/A,#N/A,,
2322,宝藏猎人,紫皮,23,冒险家,其他,0,#N/A,#N/A,,
3231,包厢女仆,蓝皮,32,空军,其他,0,#N/A,#N/A,,
1728,棒棒糖,蓝皮,17,园丁,其他,0,#N/A,#N/A,,
9323,邦邦旧装,紫皮,93,26号守卫,其他,0,#N/A,#N/A,,
1738,半身人薇赛尔,蓝皮,17,园丁,其他,0,#N/A,#N/A,,
9725,半身人崔宾,蓝皮,97,“囚徒”,其他,0,#N/A,#N/A,,
9620,半精灵骑士,金皮,96,守墓人,其他,0,#N/A,#N/A,,
5923,坂本龙司,紫皮,59,前锋,其他,0,#N/A,#N/A,,
2114,斑马之影,蓝皮,21,魔术师,其他,0,#N/A,#N/A,,
7207,斑驳之郁,蓝皮,72,调香师,其他,0,#N/A,#N/A,,
3420,扳手小姐,蓝皮,34,机械师,其他,0,#N/A,#N/A,,
12811,百物曲,蓝皮,128,歌剧演员,其他,0,#N/A,#N/A,,
12911,百物曲,蓝皮,129,歌剧演员,其他,0,#N/A,#N/A,,
10912,百万人鱼,紫皮,109,渔女,其他,0,#N/A,#N/A,,
2319,百瑞,蓝皮,23,冒险家,其他,0,#N/A,#N/A,,
2538,百目鬼静,紫皮,25,佣兵,其他,0,#N/A,#N/A,,
9105,百利甜,绿皮,91,调酒师,其他,0,#N/A,#N/A,,
12103,白泽,金皮,121,古董商,限定,1888,限定,第23赛季,1250,
2515,白鹰之舞,紫皮,25,佣兵,其他,0,#N/A,#N/A,,
12003,白鸦公爵,蓝皮,117,“噩梦”,其他,0,#N/A,#N/A,,
6319,白无垢,金皮,63,红蝶,其他,0,#N/A,#N/A,,
105,白纹大触,紫皮,30,“杰克”,其他,0,#N/A,#N/A,,
1513,白兔先生,紫皮,15,律师,其他,0,#N/A,#N/A,,
10119,白兔术士,紫皮,101,雕刻家,其他,0,#N/A,#N/A,,
8410,白糖,绿皮,84,爱哭鬼,其他,0,#N/A,#N/A,,
9502,白松露,金皮,95,“使徒”,限定,0,限定,第10赛季,0,丑
6819,白羚之徙,蓝皮,68,祭司,其他,0,#N/A,#N/A,,
6310,白鲤,蓝皮,63,红蝶,其他,0,#N/A,#N/A,,
1906,白蜡,绿皮,19,鹿头,其他,0,#N/A,#N/A,,
6312,白孔雀,紫皮,63,红蝶,其他,0,#N/A,#N/A,,
2104,白金阿拉丁,紫皮,21,魔术师,其他,0,#N/A,#N/A,,
2122,白胡子,紫皮,21,魔术师,其他,0,#N/A,#N/A,,
3607,芭蕾木偶,蓝皮,36,舞女,其他,0,#N/A,#N/A,,
12902,巴萨丽莎,金皮,129,歌剧演员,限定,700,限定,第28赛季,600,
12802,巴萨丽莎,金皮,128,歌剧演员,限定,0,#N/A,#N/A,,
11313,奥菲欧,蓝皮,113,小说家,其他,0,#N/A,#N/A,,
1722,奥村春,紫皮,17,园丁,其他,0,#N/A,#N/A,,
12212,敖烈,紫皮,122,教授,其他,0,#N/A,#N/A,,
11505,黯淡红,绿皮,115,哭泣小丑,其他,0,#N/A,#N/A,,
6812,暗月红,绿皮,68,祭司,其他,0,#N/A,#N/A,,
2511,暗鲨勇士,蓝皮,25,佣兵,其他,0,#N/A,#N/A,,
3414,暗林猎手,蓝皮,34,机械师,其他,0,#N/A,#N/A,,
6210,暗金蛋糕,金皮,62,盲女,其他,0,#N/A,#N/A,,
8503,暗淡绿,绿皮,85,红夫人,其他,0,#N/A,#N/A,,
3216,安息天使,蓝皮,32,空军,其他,0,#N/A,#N/A,,
7916,安室透,紫皮,79,入殓师,其他,0,#N/A,#N/A,,
7921,安室透,紫皮,79,入殓师,其他,0,#N/A,#N/A,,
10812,安全员,蓝皮,108,病患,其他,0,#N/A,#N/A,,
7427,安宁,紫皮,74,摄影师,其他,0,#N/A,#N/A,,
6832,安可,蓝皮,68,祭司,其他,0,#N/A,#N/A,,
6610,安魂曲,紫皮,66,宿伞之魂,其他,0,#N/A,#N/A,,
6710,安魂曲,紫皮,67,宿伞之魂,其他,0,#N/A,#N/A,,
3241,爱神之吻,紫皮,32,空军,其他,0,#N/A,#N/A,,
2311,爱丽丝,紫皮,23,冒险家,其他,0,#N/A,#N/A,,
8423,爱德华·梅森,紫皮,84,爱哭鬼,其他,0,#N/A,#N/A,,
11204,爱不朽,蓝皮,112,蜡像师,其他,0,#N/A,#N/A,,
140,艾札克·佛斯特,金皮,30,“杰克”,限定,900,限定,联动,800,
1729,艾玛,紫皮,17,园丁,其他,0,#N/A,#N/A,,
10210,哀伤蓝,绿皮,102,破轮,其他,0,#N/A,#N/A,,
10310,哀伤蓝,绿皮,103,破轮,其他,0,#N/A,#N/A,,
12612,阿瓦隆的树精,蓝皮,126,守夜人,其他,0,#N/A,#N/A,,
12716,阿瓦隆的法师,蓝皮,127,隐士,其他,0,#N/A,#N/A,,
5934,阿瓦尔的战车,紫皮,59,前锋,其他,0,#N/A,#N/A,,
7831,阿瓦尔的信徒,蓝皮,78,先知,其他,0,#N/A,#N/A,,
1912,阿努比斯,紫皮,19,鹿头,其他,0,#N/A,#N/A,,
7409,阿波罗,紫皮,74,摄影师,其他,0,#N/A,#N/A,,
6811,vivo蓝,绿皮,68,祭司,其他,0,#N/A,#N/A,,
13506,VIOLET,紫皮,135,“法罗女士”,其他,0,#N/A,#N/A,,
13508,VIOLET,紫皮,135,“法罗女士”,其他,0,#N/A,#N/A,,
5924,SKULL,紫皮,59,前锋,其他,0,#N/A,#N/A,,
13404,ROOK-e4,蓝皮,134,木偶师,其他,0,#N/A,#N/A,,
9727,Rice,紫皮,97,“囚徒”,其他,0,#N/A,#N/A,,
3433,Re-Swim,紫皮,34,机械师,其他,0,#N/A,#N/A,,
3223,QUEEN,紫皮,32,空军,其他,0,#N/A,#N/A,,
12809,PAWN-h2,蓝皮,128,歌剧演员,其他,0,#N/A,#N/A,,
12909,PAWN-h2,蓝皮,129,歌剧演员,其他,0,#N/A,#N/A,,
10817,PAWN-g3,蓝皮,108,病患,其他,0,#N/A,#N/A,,
11512,PAWN-g2,蓝皮,115,哭泣小丑,其他,0,#N/A,#N/A,,
8425,PAWN-e4,蓝皮,84,爱哭鬼,其他,0,#N/A,#N/A,,
11018,PAWN-d4,蓝皮,110,“心理学家”,其他,0,#N/A,#N/A,,
10103,pawn,蓝皮,101,雕刻家,其他,0,#N/A,#N/A,,
3615,PANTHER,紫皮,36,舞女,其他,0,#N/A,#N/A,,
6313,OPPO绿,绿皮,63,红蝶,其他,0,#N/A,#N/A,,
2543,OPH.NAIB,紫皮,25,佣兵,其他,0,#N/A,#N/A,,
1723,NOIR,紫皮,17,园丁,其他,0,#N/A,#N/A,,
3221,Nike React,蓝皮,32,空军,其他,0,#N/A,#N/A,,
5922,Nike React,蓝皮,59,前锋,其他,0,#N/A,#N/A,,
3423,NAVI,紫皮,34,机械师,其他,0,#N/A,#N/A,,
7227,Miss K,蓝皮,72,调香师,其他,0,#N/A,#N/A,,
132,Lord K,蓝皮,30,“杰克”,其他,0,#N/A,#N/A,,
7226,Lady K,紫皮,72,调香师,其他,0,#N/A,#N/A,,
9712,L,紫皮,97,“囚徒”,其他,0,#N/A,#N/A,,
12610,KNIGHT-c3,紫皮,126,守夜人,其他,0,#N/A,#N/A,,
13403,KING-h1,金皮,134,木偶师,限定,0,限定,第31赛季,0,丑
8903,JOKER,金皮,89,杂技演员,限定,930,限定,联动,782,
7910,FOX,紫皮,79,入殓师,其他,0,#N/A,#N/A,,
7418,En ligne,紫皮,74,摄影师,其他,0,#N/A,#N/A,,
9006,CROW,金皮,90,大副,限定,975,限定,联动,950,
10914,Commis K,蓝皮,109,渔女,其他,0,#N/A,#N/A,,
10915,Chef K,紫皮,109,渔女,其他,0,#N/A,#N/A,,
10102,Checkmate,金皮,101,雕刻家,限定,575,限定,第13赛季,599,
7246,Buffy,紫皮,72,调香师,其他,0,#N/A,#N/A,,
13108,BISHOP-f1,紫皮,131,拉拉队员,其他,0,#N/A,#N/A,,
6213,Bilibili专属,绿皮,62,盲女,其他,0,#N/A,#N/A,,
2532,B.Duck潮,紫皮,25,佣兵,其他,0,#N/A,#N/A,,
9317,B.Duck,金皮,93,26号守卫,限定,219,限定,联动,220,
8914,ACE,紫皮,89,杂技演员,其他,0,#N/A,#N/A,,
6838,《卡门》,紫皮,68,祭司,其他,0,#N/A,#N/A,,
13504,“重生”的羊羔,蓝皮,135,“法罗女士”,其他,0,#N/A,#N/A,,
221,“杂耍”,蓝皮,2,小丑,其他,0,#N/A,#N/A,,
12214,“杂交”,蓝皮,122,教授,其他,0,#N/A,#N/A,,
3628,“月佑者”,紫皮,36,舞女,其他,0,#N/A,#N/A,,
12002,“渊”,金皮,117,“噩梦”,其他,0,#N/A,#N/A,,
13605,“有机磷”,紫皮,136,时空之影,其他,0,#N/A,#N/A,,
7430,“友善”的狼,蓝皮,74,摄影师,其他,0,#N/A,#N/A,,
1620,“硬币”,蓝皮,16,“慈善家”,其他,0,#N/A,#N/A,,
142,“殷勤”的牛犊,蓝皮,30,“杰克”,其他,0,#N/A,#N/A,,
9014,“疑”,蓝皮,90,大副,其他,0,#N/A,#N/A,,
10113,“夜魔”,金皮,101,雕刻家,限定,1050,限定,第18赛季,850,
8818,“野孩子”,蓝皮,88,野人,其他,0,#N/A,#N/A,,
9122,“宴舞”,紫皮,91,调酒师,其他,0,#N/A,#N/A,,
3021,“驯服”,紫皮,1,厂长,其他,0,#N/A,#N/A,,
10811,“邪恶灵魂”,蓝皮,108,病患,其他,0,#N/A,#N/A,,
8315,“向导”,紫皮,83,咒术师,其他,0,#N/A,#N/A,,
6848,“无私”的鹫鹰,蓝皮,68,祭司,其他,0,#N/A,#N/A,,
7929,“温室”,金皮,79,入殓师,限定,245,限定,第35赛季,210,
222,“微笑”,蓝皮,2,小丑,其他,0,#N/A,#N/A,,
7807,“惘雀”,蓝皮,78,先知,其他,0,#N/A,#N/A,,
9415,“王子”,紫皮,94,邮差,其他,0,#N/A,#N/A,,
7232,“王女”,蓝皮,72,调香师,其他,0,#N/A,#N/A,,
9412,“亡灵”,紫皮,94,邮差,其他,0,#N/A,#N/A,,
1435,“鸵鸟”,蓝皮,14,医生,其他,0,#N/A,#N/A,,
3633,“天鹅”,蓝皮,36,舞女,其他,0,#N/A,#N/A,,
7417,“特使”,蓝皮,74,摄影师,其他,0,#N/A,#N/A,,
8302,“宿命”,金皮,83,咒术师,限定,1060,限定,第06赛季,899,
3234,“苏珊娜”,紫皮,32,空军,其他,0,#N/A,#N/A,,
3236,“淑女”,蓝皮,32,空军,其他,0,#N/A,#N/A,,
1913,“狩猎”,蓝皮,19,鹿头,其他,0,#N/A,#N/A,,
8012,“守财奴”,紫皮,80,疯眼,其他,0,#N/A,#N/A,,
8732,“试金石”,蓝皮,87,勘探员,其他,0,#N/A,#N/A,,
13905,“膨化”,紫皮,139,火灾调查员,其他,0,#N/A,#N/A,,
6416,“年”,蓝皮,64,黄衣之主,其他,0,#N/A,#N/A,,
6846,“逆位”,蓝皮,68,祭司,其他,0,#N/A,#N/A,,
7421,“谜”,蓝皮,74,摄影师,其他,0,#N/A,#N/A,,
7925,“盲区”,紫皮,79,入殓师,其他,0,#N/A,#N/A,,
10110,“玛利亚”,紫皮,101,雕刻家,其他,0,#N/A,#N/A,,
7312,“马蹄铁”,蓝皮,73,牛仔,其他,0,#N/A,#N/A,,
12805,“罗蕾莱”,蓝皮,128,歌剧演员,其他,0,#N/A,#N/A,,
12905,“罗蕾莱”,蓝皮,129,歌剧演员,其他,0,#N/A,#N/A,,
9619,“枯叶”,蓝皮,96,守墓人,其他,0,#N/A,#N/A,,
9614,“惧”,蓝皮,96,守墓人,其他,0,#N/A,#N/A,,
1743,“剧场主持”,金皮,17,园丁,其他,0,#N/A,#N/A,,
8015,“惊”,蓝皮,80,疯眼,其他,0,#N/A,#N/A,,
6228,“建筑师”,金皮,62,盲女,其他,0,#N/A,#N/A,,
2116,“假面绅士”,紫皮,21,魔术师,其他,0,#N/A,#N/A,,
7927,“加特”,紫皮,79,入殓师,限定真理,2979,限定真理,真理,2100,
9714,“寄居蟹”,蓝皮,97,“囚徒”,其他,0,#N/A,#N/A,,
9128,“鸡尾酒”,蓝皮,91,调酒师,其他,0,#N/A,#N/A,,
7407,“谎言”,蓝皮,74,摄影师,其他,0,#N/A,#N/A,,
7313,“花马鞍”,蓝皮,73,牛仔,其他,0,#N/A,#N/A,,
7432,“琥珀”,紫皮,74,摄影师,其他,0,#N/A,#N/A,,
2528,“黑羊”,蓝皮,25,佣兵,其他,0,#N/A,#N/A,,
5919,“黑鼻子”,紫皮,59,前锋,其他,0,#N/A,#N/A,,
134,“好孩子”,紫皮,30,“杰克”,其他,0,#N/A,#N/A,,
10024,“鬼烛”,金皮,100,昆虫学者,其他,0,#N/A,#N/A,,
10125,“干燥”,蓝皮,101,雕刻家,其他,0,#N/A,#N/A,,
9124,“干杯”,蓝皮,91,调酒师,其他,0,#N/A,#N/A,,
11012,“服装师”,蓝皮,110,“心理学家”,其他,0,#N/A,#N/A,,
6845,“绯”,紫皮,68,祭司,限定真理,1591,限定真理,真理,1588,
11214,“防腐”,蓝皮,112,蜡像师,其他,0,#N/A,#N/A,,
6824,“厄运”,紫皮,68,祭司,其他,0,#N/A,#N/A,,
10023,“动物激素”,蓝皮,100,昆虫学者,其他,0,#N/A,#N/A,,
11119,“地衣”,蓝皮,111,“小女孩”,其他,0,#N/A,#N/A,,
1614,“稻草人”,紫皮,16,“慈善家”,其他,0,#N/A,#N/A,,
10421,“单纯”的蟾,蓝皮,104,画家,其他,0,#N/A,#N/A,,
1529,“大人物”,蓝皮,15,律师,其他,0,#N/A,#N/A,,
8325,“答案”,蓝皮,83,咒术师,其他,0,#N/A,#N/A,,
6220,“春游季”,蓝皮,62,盲女,其他,0,#N/A,#N/A,,
6836,“朝圣者”,紫皮,68,祭司,其他,0,#N/A,#N/A,,
2316,“博物架”,蓝皮,23,冒险家,其他,0,#N/A,#N/A,,
1434,“悲”,蓝皮,14,医生,其他,0,#N/A,#N/A,,
7431,“暴君”,蓝皮,74,摄影师,其他,0,#N/A,#N/A,,
6232,“百科全书”,蓝皮,62,盲女,其他,0,#N/A,#N/A,,
7828,“白”,紫皮,78,先知,限定真理,6450,限定真理,真理,4800,
7829,“黯”,紫皮,78,先知,限定真理,1450,限定真理,真理,1900,
3020,“阿拉丁”,紫皮,1,厂长,其他,0,#N/A,#N/A,,
135,"""夜魔""的仆从",蓝皮,30,“杰克”,其他,0,#N/A,#N/A,,
10004,"""特使""",蓝皮,100,昆虫学者,其他,0,#N/A,#N/A,,
7420,"""D.M""",紫皮,74,摄影师,限定真理,4347,限定真理,真理,4150,